AIS ウィークバスター,3298256598,Special,1
AIS エリアヒール,2826401717,Special,1
AIS ソリッドバルカン,119505187,Special,1
AIS フォトングレネード,434705298,Special,1
AIS フォトンセイバー,79965782,Special,1
AIS フォトンセイバー,79965783,Special,2
AIS フォトンセイバー,79965784,Special,3
AIS フォトンセイバー,80047171,Special,4
AIS フォトンブラスター,1460054769,Special,1
AIS フォトンブリザード,4081218683,Special,1
AIS フォトンラッシュ,79964675,Special,1
AISV カウンターシールド,2640906853,Special,1
AISV カウンターシールド,3968047485,Special,2
AISV ステアタ,2655531208,Special,1
AISV ソリッドバルカン,1164312683,Special,1
AISV フォトンブラスター,1628689645,Special,1
AISV ブレードラッシュ,3724116814,Special,3
AISV ブレードラッシュ,503978418,Special,2
AISV ブレードラッシュ,858127000,Special,1
AISV マルチロックミサイル,383210274,Special,1
DBステアタ(アプレンティス),3725887474,Melee,1
DBステアタ(エルダー),3141577094,Melee,1
DBステアタ(ダブル),4134333680,Melee,6
DB通常攻撃(アプレンティス),2326333456,Melee,10
DB通常攻撃(アプレンティス),3376960044,Melee,6
DB通常攻撃(アプレンティス),3377051585,Melee,7
DB通常攻撃(アプレンティス),3377229307,Melee,5
DB通常攻撃(アプレンティス),3377849861,Melee,8
DB通常攻撃(アプレンティス),3379639420,Melee,1
DB通常攻撃(アプレンティス),3380192966,Melee,3
DB通常攻撃(アプレンティス),3380458763,Melee,2
DB通常攻撃(アプレンティス),3380628902,Melee,4
DB通常攻撃(アプレンティス),855002982,Melee,9
DB通常攻撃(エルダー),262346668,Melee,2
DB通常攻撃(エルダー),264996390,Melee,4
DB通常攻撃(エルダー),265285249,Melee,3
DB通常攻撃(エルダー),265781051,Melee,7
DB通常攻撃(エルダー),267911699,Melee,1
DB通常攻撃(エルダー),311089933,Melee,5
DB通常攻撃(エルダー),3988916155,Melee,6
DB通常攻撃(ダブル),1955884339,Melee,5
DB通常攻撃(ダブル),1957174279,Melee,4
DB通常攻撃(ダブル),2000047869,Melee,2
DB通常攻撃(ダブル),2002496834,Melee,3
DB通常攻撃(ダブル),2002943320,Melee,1
DB通常攻撃(ルーサー),2743062721,Melee,2
DB通常攻撃(ルーサー),2743071591,Melee,1
DCS(カタナ),2765954690,PA,1
DCS(ライフル),2600842557,PA,1
DCS(ロッド),3301900032,PA,1
DS かまいたち(クヴェレ),1054020189,Special,1
DS かまいたち(クヴェレ),1054020252,Special,2
DS かまいたち(クヴェレ),1054023161,Special,3
DS かまいたち,2620268940,Special,2
DS かまいたち,2620269005,Special,3
DS かまいたち,2620269130,Special,1
Emperappy hug <3,2088559161,Special,1
Enemy Thrown,2164805818,PA,1
HP吸収,893379015,Special,1
HTF (HrTMG),3480338695,Special,1
HTF (Hrソード),170999070,Special,2
HTF (Hrソード),2268332813,Special,3
HTF (Hrソード),2268332858,Special,1
HTF (Hrタリス),11556353,Special,2
HTF (Hrタリス),1233721870,Special,3
HTF (Hrタリス),1233722348,Special,4
HTF (Hrタリス),1266101764,Special,1
PTF(カタナ),3695463316,PA,2
PTF(カタナ),975125104,PA,1
PTF(ライフル),1412080400,PA,2
PTF(ライフル),2243620231,PA,1
PTF(ロッド),2682739872,PA,
PTF(ロッド),2682739886,PA,3
PTF(ロッド),2682739887,PA,2
PTF(ロッド),2995855500,PA,1
Phシフト(カタナ),4188914875,PA,1
Phシフト(ライフル),2014302715,PA,2
Phシフト(ライフル),3089109531,PA,1
Phシフト(ロッド),1431710595,PA,1
Phシフト(ロッド),421953627,PA,2
Phマーカー(カタナ),2907201045,PA,1
Phマーカー(カタナ),2907201492,PA,2
Phマーカー(ライフル),3785421997,PA,2
Phマーカー(ライフル),3786184050,PA,1
Phマーカー(ロッド),404882329,PA,2
Phマーカー(ロッド),404882650,PA,1
Ridroid(スピンアタック),1258041436,Special,15
Ridroid(スピンアタック),3642969286,Special,14
Ridroid(ホーミングミサイル),3765765641,Special,13
Ridroid,1247666429,Special,5
Ridroid,1732461796,Special,10
Ridroid,1876785244,Special,12
Ridroid,2056025809,Special,2
Ridroid,2452463220,Special,9
Ridroid,2534881408,Special,3
Ridroid,2600476838,Special,4
Ridroid,3491866260,Special,1
Ridroid,3642240295,Special,7
Ridroid,3750571080,Special,6
Ridroid,3809261131,Special,11
Ridroid,651750924,Special,8
S1:賭死の撃,818692292,Special,1
S4:累加追撃,99411394,Special,1
S5:反撃鋭刃,1868089408,Special,1
S5:追射剛矢,4233010550,Special,2
S5:追射剛矢,4233010551,Special,1
SP射撃/速射,4205203418,Special,1
SP打撃/乱舞,3104220402,Special,1
Type,ID,Kind,Name
Tダガースピン,3115487272,Special,4
Tダガースピン,3115487274,Special,2
Tダガースピン,3115487275,Special,3
Tダガースピン,3115487285,Special,1
アイアス・イメラ,2379589576,Special,2
アイアス・イメラ,4274907792,Special,1
アイアス・ニフタ,1846509854,Special,2
アイアス・ニフタ,2811060000,Special,4
アイアス・ニフタ,3512301214,Special,1
アイアス・ニフタ,3625928312,Special,3
アイアス・プロイ,498592293,Special,2
アイアス・プロイ,718460570,Special,1
アイゼンフリューゲル,3115083023,PA,1
アイゼンフリューゲルSh,3413713363,PA,2
アクロエフェクト,2726424864,PA,2
アサギリレンダン,3148574752,PA,1
アサギリレンダン,3341396290,PA,2
アサルトバスター,1141954068,PA,3
アサルトバスター,2759272399,PA,2
アサルトバスター,3303155134,PA,1
アサルトバスター,345377627,PA,4
アザーサイクロン,1850125110,PA,1
アザーサイクロン,1871999855,PA,2
アザーサイクロン,455829749,PA,3
アザーサイクロン零式,1107498562,PA,5
アザーサイクロン零式,1370775705,PA,1
アザーサイクロン零式,3070400580,PA,3
アザーサイクロン零式,3838831464,PA,2
アザーサイクロン零式,4266934922,PA,4
アザースピン,1667539754,PA,3
アザースピン,516963559,PA,2
アザースピン,781364083,PA,1
アダプトスピン,4083089500,PA,1
アッパートラップ,2460168075,Special,1
アッパートラップEx,3643936161,Special,1
アディションバレット,2250284406,PA,1
アディションバレット,2775356067,PA,2
アナザーSロールアーツ,2628225583,Special,1
アナザーSロールアーツ,2718316197,Special,2
アナザーSロールアーツ,3710533329,Special,3
アナザーSロールアーツ,534488752,Special,4
アナザーロッドシュートモード,102418521,Special,1
アブソリュートクエーサー,3023957695,PA,1
アブソリュートクエーサー,3023957886,PA,2
アブソリュートクエーサー,3023959320,PA,3
アルティメットインパクト,3283361988,Special,1
アンティ,2654395262,Tech,1
イグナイトパリング,3096775537,PA,1
イグナイトパリング,498184876,PA,3
イグナイトパリング,54200585,PA,2
イグナイトパリング,54200648,PA,5
イグナイトパリング,54200890,PA,6
イグナイトパリング,915561415,PA,8
イグナイトパリング,915578993,PA,7
イグナイトパリング,915579056,PA,4
イモータルダーヴ,2263183144,PA,12
イモータルダーヴ,2263183145,PA,11
イモータルダーヴ,2263183150,PA,10
イモータルダーヴ,2263183151,PA,9
イモータルダーヴ,630801458,PA,5
イモータルダーヴ,630801460,PA,7
イモータルダーヴ,630801461,PA,6
イモータルダーヴ,630801463,PA,8
イモータルダーヴ,823939484,PA,4
イモータルダーヴ,823939485,PA,3
イモータルダーヴ,823939486,PA,2
イモータルダーヴ,823939487,PA,1
イリオス・イメラ,2207302828,Special,2
イリオス・イメラ,2207302829,Special,4
イリオス・イメラ,2207302994,Special,6
イリオス・イメラ,2207302995,Special,8
イリオス・イメラ,2207342090,Special,7
イリオス・イメラ,2207342092,Special,3
イリオス・イメラ,2207342093,Special,5
イリオス・イメラ,2207342095,Special,1
イリオス・ニフタ,4037912096,Special,1
イリオス・ニフタ,4037912097,Special,2
イリオス・ニフタ,4037912102,Special,3
イリオス・ニフタ,4037912103,Special,4
イリオス・プロイ,2814861617,Special,1
イリオス・プロイ,2814861618,Special,2
イリオス・プロイ,2814861619,Special,3
イリオス・プロイ,2814861772,Special,4
イリュージョンレイヴ,122219643,PA,3
イリュージョンレイヴ,1810428573,PA,2
イリュージョンレイヴ,262573151,PA,1
イル・グランツ,1775046628,Tech,2
イル・グランツ,3937014835,Tech,1
イル・ザン,1944592516,Tech,2
イル・ザン,2891550606,Tech,1
イル・ゾンデ,1756866220,Tech,1
イル・ゾンデ,2398664728,Tech,2
イル・バータ,1097489198,Tech,6
イル・バータ,1097749259,Tech,4
イル・バータ,1100223160,Tech,2
イル・バータ,3811409918,Tech,5
イル・バータ,3811499950,Tech,1
イル・バータ,3813876239,Tech,3
イル・フォイエ,3465265553,Tech,2
イル・フォイエ,753131125,Tech,1
イル・メギド,3041296659,Tech,2
イル・メギド,3791794807,Tech,1
インジュリー,140040,Special,1
インパクトスライダー,1218987301,PA,2
インパクトスライダー,220056584,PA,1
インフィニティファイア,3134942092,PA,3
インフィニティファイア,3134942093,PA,2
インフィニティファイア,3134942094,PA,1
インフィニティファイア,3134942095,PA,0
インフィニティファイア,879653104,PA,1
インフィニティファイア,879653105,PA,2
インフィニティファイア,879653107,PA,0
インフィニティファイア,879653110,PA,3
インフィニティファイア零式,1345025832,PA,11
インフィニティファイア零式,1345025833,PA,8
インフィニティファイア零式,1345025834,PA,5
インフィニティファイア零式,1345025835,PA,2
インフィニティファイア零式,1612843143,PA,0
インフィニティファイア零式,1612843192,PA,3
インフィニティファイア零式,1612843193,PA,6
インフィニティファイア零式,1612843194,PA,9
インフィニティファイア零式,2004097432,PA,1
インフィニティファイア零式,2004097433,PA,4
インフィニティファイア零式,2004097434,PA,7
インフィニティファイア零式,2004097435,PA,10
インフィニティラッシュ,1117313602,Special,1
インフィニティラッシュ,1697271546,Special,4
インフィニティラッシュ,2429416220,Special,3
インフィニティラッシュ,395090797,Special,2
インペリアルクリーヴ,2499265502,PA,2
インペリアルクリーヴ,3811494773,PA,1
ウィズダムフォース,651603449,Melee,1
ウォンドギア,1479548096,Tech,2
ウォンドギア,1513048310,Tech,5
ウォンドギア,2614865725,Tech,1
ウォンドギア,3274663457,Tech,4
ウォンドギア,3948088357,Tech,6
ウォンドギア,789614525,Tech,3
エアポケットスイング,1667539880,PA,1
エアロシャウト,772156432,PA,1
エアロスタッブ,772155588,PA,1
エアロスパイラル,1798066999,PA,9
エアロスパイラル,2888644253,PA,5
エアロスパイラル,3404513889,PA,8
エアロスパイラル,3404526192,PA,4
エアロスパイラル,4119798295,PA,6
エアロスパイラル,4119798486,PA,2
エアロスパイラル,4119800976,PA,1
エアロスパイラル,647460626,PA,7
エアロスパイラル,663625842,PA,3
エアロスラッシュ,772155525,PA,1
エアロスラッシュ,88413264,PA,2
エアロバレット,2572277765,PA,1
エアロバレット,3446126836,PA,3
エアロバレット,3446127031,PA,4
エアロバレット,88471088,PA,2
エイミングショット,1657878962,PA,1
エイミングショット,1657879790,PA,2
エインラケーテン,1803337451,PA,1
エインラケーテン,4080719295,PA,2
エインラケーテン零式,2001154192,PA,3
エインラケーテン零式,2879859001,PA,2
エインラケーテン零式,867419120,PA,1
エネルギーリング,645891880,Special,1
エリアルシューティング,4004748144,PA,2
エリアルシューティング,4004748145,PA,3
エリアルシューティング,4004748150,PA,0
エリアルシューティング,4004748151,PA,1
エリアルシューティング,4004760224,PA,3
エリアルシューティング,4004760225,PA,2
エリアルシューティング,4004760230,PA,1
エリアルシューティング,4004760231,PA,0
エリアルシューティング,4004772368,PA,2
エリアルシューティング,4004772369,PA,1
エリアルシューティング,4004772370,PA,0
エリアルシューティング,4004772375,PA,3
エリアルシューティング,891590640,PA,2
エリアルシューティング,891590641,PA,1
エリアルシューティング,891590643,PA,3
エリアルシューティング,891590654,PA,0
エルダーリベリオン,1108337394,PA,3
エルダーリベリオン,1108337395,PA,2
エルダーリベリオン,1108337396,PA,1
エルダーリベリオン,1108337397,PA,0
エルダーリベリオン,3412194152,PA,0
エルダーリベリオン,3412194157,PA,3
エルダーリベリオン,3412194158,PA,2
エルダーリベリオン,3412194159,PA,1
エルダーリベリオン,4042421104,PA,3
エルダーリベリオン,4042421105,PA,2
エルダーリベリオン,4042421110,PA,1
エルダーリベリオン,4042421111,PA,0
エレメンタルバースト,1812915089,Special,5
エレメンタルバースト,3183103116,Special,3
エレメンタルバースト,3999693063,Special,4
エレメンタルバースト,436531970,Special,2
エレメンタルバースト,606506553,Special,6
エレメンタルバースト,844099599,Special,1
エンドアトラクト,2285537842,PA,1
エンドアトラクト,2285537907,PA,2
エンドアトラクト,2285538736,PA,3
エンハンスアタック,2428433047,PA,1
エンハンスアタック,3674749665,PA,2
オウルケストラー,120509749,PA,0
オウルケストラー,120509750,PA,1
オウルケストラー,120509751,PA,2
オウルケストラー,120509752,PA,3
オウルケストラー,1362404324,PA,0
オウルケストラー,1362404325,PA,1
オウルケストラー,1362404326,PA,2
オウルケストラー,1362404327,PA,3
オルト・サ・バータ,1783571383,Melee,1
オルト・サ・バータ,2928504078,Melee,2
オーバーエンド,3096759815,PA,1
オーバーエンド,3096759878,PA,3
オーバーエンド,3096760066,PA,4
オーバーエンド,3330009863,PA,2
カイザーライズ,4083089437,PA,1
カウンターエッジ,1987114712,Special,1
カウンターエッジ,4184015666,Special,2
カウンターステップ,2191939386,Melee,1
カザンナデシコ,3148578174,PA,1
カザンナデシコ零式,2323233840,PA,4
カザンナデシコ零式,2323234226,PA,2
カザンナデシコ零式,2323234289,PA,3
カタナコンバット,156270665,Special,1
カタナコンバット,4259442013,Special,2
カミカゼアロウ,3439973654,PA,4
カミカゼアロウ,3439973719,PA,2
カミカゼアロウ,3470042646,PA,3
カミカゼアロウ,3470042837,PA,1
カラミティバレット,1900182416,Special,1
カラミティバレット,1918289664,Special,2
カンランキキョウ,206856796,PA,2
カンランキキョウ,3148575462,PA,1
ガトリングトーチ,1852253343,Special,1
ガンマバースト,1223455602,Melee,1
ギルティブレイク,297995916,PA,6
ギルティブレイク,3096936719,PA,5
ギルティブレイク,3096967176,PA,1
ギルティブレイク,3096967243,PA,3
ギルティブレイク,784836873,PA,2
ギルティブレイク,785070206,PA,4
ギ・グランツ,1436931332,Tech,3
ギ・グランツ,1530463953,Tech,2
ギ・グランツ,1564723661,Tech,1
ギ・グランツ,2514506879,Tech,5
ギ・グランツ,2514551176,Tech,4
ギ・ザン,240324652,Tech,1
ギ・ザン,3485405777,Tech,2
ギ・ザン,3917149067,Tech,3
ギ・ゾンデ,3022246617,Tech,2
ギ・ゾンデ,71596560,Tech,1
ギ・バータ,3975187521,Tech,2
ギ・バータ,4241185338,Tech,1
ギ・フォイエ,1396192371,Tech,2
ギ・フォイエ,46933754,Tech,1
ギ・メギド,2076503293,Tech,2
ギ・メギド,2362873256,Tech,1
クイックシュート(ザンディ),349461351,Special,Luster クイックシュート (Lu skill)
クイックシュート(バーラン),908867453,Special,Luster クイックシュート (Lu skill)
クイックシュート(フォメル),1592168506,Special,Luster クイックシュート (Lu skill)
クイックスラッシュ(ザンディ),1798013007,Special,Luster クイックスラッシュ left side (Lu skill)
クイックスラッシュ(ザンディ),2370661157,Special,Luster クイックスラッシュ right side (Lu skill)
クイックスラッシュ(ザンディ),3496008220,Special,Luster クイックスラッシュ backwards (Lu skill)
クイックスラッシュ(ザンディ),3847747973,Special,Luster クイックスラッシュ forward (Lu skill)
クイックスラッシュ(ザンディ),653852694,Special,Luster クイックスラッシュ stationary (Lu skill)
クイックスラッシュ(バーラン),1096591425,Special,Luster クイックスラッシュ forward (Lu skill)
クイックスラッシュ(バーラン),1210048760,Special,Luster クイックスラッシュ right side (Lu skill)
クイックスラッシュ(バーラン),1535197318,Special,Luster クイックスラッシュ backwards (Lu skill)
クイックスラッシュ(バーラン),1999157312,Special,Luster クイックスラッシュ stationary (Lu skill)
クイックスラッシュ(バーラン),915528908,Special,Luster クイックスラッシュ left side (Lu skill)
クイックスラッシュ(フォメル),1600689712,Special,Luster クイックスラッシュ backwards (Lu skill)
クイックスラッシュ(フォメル),1715505987,Special,Luster クイックスラッシュ left side (Lu skill)
クイックスラッシュ(フォメル),2547839819,Special,Luster クイックスラッシュ right side (Lu skill)
クイックスラッシュ(フォメル),2580374948,Special,Luster クイックスラッシュ stationary (Lu skill)
クイックスラッシュ(フォメル),3498754478,Special,Luster クイックスラッシュ forward (Lu skill)
クイックスラッシュ(属性なし),1329182457,Special,Luster クイックスラッシュ backwards (Lu skill)
クイックスラッシュ(属性なし),1546305539,Special,Luster クイックスラッシュ stationary (Lu skill)
クイックスラッシュ(属性なし),2097365226,Special,Luster クイックスラッシュ forward (Lu skill)
クイックスラッシュ(属性なし),2665468148,Special,Luster クイックスラッシュ right side (Lu skill)
クイックスラッシュ(属性なし),606882270,Special,Luster クイックスラッシュ left side (Lu skill
クイックテイク,3668847151,PA,1
クイックマーチ,3438453616,PA,0
クイックマーチ,3438453621,PA,3
クイックマーチ,3438453622,PA,2
クイックマーチ,3438453623,PA,1
クイックマーチ,751181368,PA,3
クイックマーチ,751181369,PA,2
クイックマーチ,751181375,PA,1
クエイクハウリング,895673964,PA,1
クライゼンシュラーク,3235361631,PA,2
クライゼンシュラーク,4071330996,PA,1
クラスターバレット,2709161629,PA,1
クラッカーバレット,2219649314,PA,2
クラッカーバレット,2709161566,PA,3
クラッチステップ,472092093,Special,1
クルーエルスロー,1224724117,PA,2
クルーエルスロー,2150373435,PA,1
クレイジースマッシュ,2709161368,PA,1
クーゲルシュトゥルム,2215020097,PA,1
クーゲルシュトゥルム,2215020162,PA,2
クーゲルシュトゥルムSh,1640997085,PA,4
クーゲルシュトゥルムSh,3158383588,PA,3
グラススラッシュ,2731019914,PA,1
グラスバースト,1279678906,PA,2
グラスバースト,1279678971,PA,1
グラスバースト,1279679082,PA,3
グラスマイン,2731019595,PA,1
グラスマイン,853221906,PA,2
グラスレーザー,848194963,PA,1
グラスレーザー,848195026,PA,2
グラスレーザー,848195090,PA,3
グラップルチャージ,1615246036,PA,1
グラップルチャージ,1667543020,PA,2
グラップルチャージ,1910262360,PA,3
グラビティボム,3695311812,Special,1
グランウェイヴ,147222821,PA,4
グランウェイヴ,228498928,PA,3
グランウェイヴ,3764244857,PA,2
グランウェイヴ,424716447,PA,1
グランツ,587902627,Tech,2
グランツ,696766223,Tech,1
グラヴィティポイント,3438287013,PA,2
グラヴィティポイント,3438287076,PA,4
グラヴィティポイント,3485092908,PA,3
グラヴィティポイント,3485093660,PA,1
グリッターストライプ,4020026781,PA,1
グリッターストライプ,785560393,PA,2
グリッターストライプFo,785561722,PA,3
グリムバラージュ,1235843178,PA,0
グリムバラージュ,1235843180,PA,2
グリムバラージュ,1235843181,PA,1
グリムバラージュ,1235843183,PA,3
グリムバラージュ,896218138,PA,3
グリムバラージュ,896218139,PA,2
グリムバラージュ,896218140,PA,1
グリムバラージュ,896218141,PA,0
グレイスフル・ダンス,3535795759,Melee,2
グレイスフル・ダンス,361825851,Melee,1
グレイスフル・ダンス,781100939,Melee,3
グレネードシェル,220057357,PA,1
グレンテッセン,1522008442,PA,2
グレンテッセン,1776976279,PA,1
グローリーレイン,1190704694,PA,1
グローリーレイン,220056714,PA,2
ケイオスライザー,3025396833,PA,1
ケイオスライザー,3025396896,PA,2
ケイオスライザー,3025396960,PA,3
ケストレルランページ,2840651036,PA,2
ケストレルランページ,2840651037,PA,1
ケストレルランページ,2840651038,PA,4
ケストレルランページ,2840651039,PA,3
ケストレルランページ零式,4277013576,PA,2
ケストレルランページ零式,4277013577,PA,1
ケストレルランページ零式,4277013622,PA,4
ケストレルランページ零式,4277013623,PA,3
ケートス・イメラ,380422613,Special,4
ケートス・イメラ,4017106933,Special,3
ケートス・イメラ,413582417,Special,2
ケートス・イメラ,430308113,Special,1
ケートス・ニフタ,1161221232,Special,1
ケートス・ニフタ,320287461,Special,2
ケートス・ニフタ,3929437971,Special,3
ケートス・プロイ,4277784487,Special,1
ゲッカザクロ,215665118,PA,1
ゲッカザクロ,2160628938,PA,2
コスモスブレイカー,2219596384,PA,1
コネクト,2848757556,PA,1
コネクト,3689006720,PA,2
コネクト,3689006745,PA,3
コンセントレイトワン,2709161692,PA,1
コンバージョン・レイ,1783571188,Melee,1
コンバージョン・レイ,2849190450,Melee,2
サクラエンド,206860877,PA,2
サクラエンド,3148575399,PA,1
サクラエンド零式,18135230,PA,2
サクラエンド零式,3124578212,PA,1
サクリファイスバイト,2275427188,PA,2
サクリファイスバイト,2606728976,PA,4
サクリファイスバイト,526157945,PA,1
サクリファイスバイト,985472180,PA,3
サクリファイスバイト零式,1040118139,PA,1
サクリファイスバイト零式,179195970,PA,2
サクリファイスバイト零式,3040541025,PA,4
サクリファイスバイト零式,3909378260,PA,3
サテライトエイム,1564855959,PA,1
サテライトエイム,1770510361,PA,0ear
サテライトエイム,1770510364,PA,3
サテライトエイム,1770510366,PA,1
サテライトエイム,1770510367,PA,2
サテライトエイム,2273181784,PA,3
サテライトエイム,2273181786,PA,1
サテライトエイム,2273181787,PA,2
サテライトエイム,2273182629,PA,0
サテライトエイム,3894802376,PA,2
サテライトカノン,2295790295,PA,3
サテライトカノン,2295790868,PA,2
サテライトカノン,2295790933,PA,1
サプライズダンク,129472838,PA,2
サプライズダンク,1531593100,PA,1
サプライズナックル,71364306,PA,1
サリィ/ポップルテリトリー,493814577,PA,1
サリィ/ポップルテリトリー,493814640,PA,2
サリィカース,3581010262,PA,1
サリィチェイサー,385050960,PA,1
サリィフォール,385030021,PA,1
サリィプロード,2156897712,PA,1
サ・ザン,3946162743,Tech,2
サ・ザン,886169895,Tech,1
サ・ゾンデ,3004803920,Tech,3
サ・ゾンデ,3103634595,Tech,1
サ・ゾンデ,577772084,Tech,2
サ・バータ,1906247115,Tech,1
サ・バータ,3773212059,Tech,4
サ・バータ,3773240682,Tech,2
サ・バータ,3773297992,Tech,5
サ・フォイエ,1313506350,Tech,2
サ・フォイエ,992062163,Tech,1
サ・メギド,3731229904,Tech,2
サ・メギド,757530403,Tech,1
サークルレーザー,2939688058,Special,1
サーベラスダンス,1667539817,PA,1
サーベラスダンス,185880800,PA,2
サーベラスダンス零式,1181894001,PA,2
サーベラスダンス零式,4083015423,PA,1
サーペントエア,3780905363,PA,1
サーペントエア,3959349048,PA,2
サーヴァント・ホーネット,1764406382,Melee,1
サーヴァント・ホーネット,3891439877,Melee,2
ザン,1968122153,Tech,2
ザン,521246550,Tech,1
ザンディオン,2644417114,Tech,2
ザンディオン,481495314,Tech,1
ザンバース,2106601422,Tech,1
シザーエッジ,1652495452,PA,1
シザーエッジ,2998595631,PA,2
シフトピリオド,2107489028,PA,0
シフトピリオド,2107489029,PA,1
シフトピリオド,2107489030,PA,2
シフトピリオド,2107489031,PA,3
シフトピリオド,2869490728,PA,1
シフトピリオド,2869490729,PA,0
シフトピリオド,2869490902,PA,2
シフトピリオド,2869490903,PA,3
シフトピリオド,2928127105,PA,3
シフトピリオド,2928127106,PA,2
シフトピリオド,2928127107,PA,1
シフトピリオド,2928127116,PA,0
シフトピリオド,3102409728,PA,3
シフトピリオド,3102409757,PA,0
シフトピリオド,3102409758,PA,1
シフトピリオド,3102409759,PA,2
シフトピリオド,4206265008,PA,0
シフトピリオド,4206265010,PA,2
シフトピリオド,4206265011,PA,1
シフトピリオド,4206265013,PA,3
シャープグライド,4078260742,Melee,1
シャープボマー,294311563,PA,1
シャープボマー零式,3671759171,PA,1
シャープボマー零式,3671760384,PA,2
シュトラーフェ,3288338193,PA,1
シュトラーフェSh,4213673767,PA,2
シュトレツヴァイ,3169644227,PA,4
シュトレツヴァイ,3169780679,PA,1
シュトレツヴァイ,3169781527,PA,2
シュトレツヴァイ,3169781648,PA,3
シュメッターリング,1599479410,PA,2
シュメッターリング,987960113,PA,1
シュメッターリングSh,1599478186,PA,1
シュメッターリングSh,3569709951,PA,2
シュンカシュンラン,1309789969,PA,5
シュンカシュンラン,1450022218,PA,4
シュンカシュンラン,2017360610,PA,6
シュンカシュンラン,2264839669,PA,3
シュンカシュンラン,2585461118,PA,1
シュンカシュンラン,3513096229,PA,2
シュヴァルツカッツェ,3406887572,PA,1
シュヴァルツカッツェSh,3406887761,PA,2
シューティングスター,3186989454,PA,1
シューティングスター,3186990914,PA,2
シュートポルカ,2053605232,PA,0
シュートポルカ,2053605233,PA,1
シュートポルカ,2053605246,PA,2
シュートポルカ,2053605247,PA,3
シンクロウキャク,1954712103,PA,2
シンクロウキャク,2368496330,PA,1
シンクロウケン,2368496267,PA,1
シンクロウケン,3201748996,PA,2
シンクロウゲキ,2905888294,PA,4
シンクロウゲキ,2905888357,PA,3
シンクロウゲキ,2905888420,PA,2
シンクロウゲキ,2905893090,PA,1
シンクロウザン,2368496396,PA,1
シンクロウザン,932657263,PA,2
シンクロウダン,2368496200,PA,1
シンクロウダン,4256887742,PA,2
シンフォニックドライブ,167868448,PA,2
シンフォニックドライブ,167868449,PA,3
シンフォニックドライブ,167868454,PA,0
シンフォニックドライブ,167868455,PA,1
シンフォニックドライブ,2764513441,PA,0
シンフォニックドライブ,2764513442,PA,1
シンフォニックドライブ,2764513443,PA,2
シンフォニックドライブ,2764513444,PA,3
ジェットホイール,1736785343,PA,1
ジェットホイール,2852176964,PA,3
ジェットホイール,2852180670,PA,4
ジェットホイール,3161437904,PA,2
ジェルンショット,2734794071,Special,1
ジェルンショット,3536788021,Special,3
ジェルンショット,904883424,Special,2
ジャスティスクロウ,1549517472,PA,8
ジャスティスクロウ,1549517474,PA,6
ジャスティスクロウ,1549517475,PA,7
ジャスティスクロウ,1549517485,PA,5
ジャスティスクロウ,770345041,PA,1
ジャスティスクロウ,770345042,PA,2
ジャスティスクロウ,770345043,PA,3
ジャスティスクロウ,770345044,PA,4
ジャストカウンター,2700168092,Special,3
ジャストカウンター,2700168093,Special,2
ジャストカウンター,2700168094,Special,1
ジャストカウンター,4136181738,Special,5
ジャストカウンター,4143333980,Special,4
ジャストガード(ソード),1526762558,Special,1
ジャストガード,1612949165,Special,1
ジャストリバーサルカバー,2440029502,Special,1
ジャストリバーサルブラスト,3580699874,Special,1
ジンガアサルト,3369572495,PA,1
ジンガショック,2252116314,PA,1
ジンガスライサー,3467827123,PA,1
ジンガスライサー,3467827186,PA,2
ジンガパルサー,3369486556,PA,1
ジンガパルサー,3606184590,PA,2
ジンガブレイク,2252115978,PA,1
スケアフーガ,1193225276,PA,1
スケアフーガ,1193225277,PA,0
スケアフーガ,1193225278,PA,3
スケアフーガ,1193225279,PA,2
スケアフーガ,2790036905,PA,0
スケアフーガ,2790036906,PA,1
スケアフーガ,2790036907,PA,2
スケアフーガ,2790036908,PA,3
スケアフーガ,721495002,PA,3
スケアフーガ,721495003,PA,2
スケアフーガ,721495004,PA,1
スケアフーガ,721495005,PA,0
スタイルパージ(ザンディ),95182487,Special,Luster スタイルパージ Zandi hit (Lu skill)
スタイルパージ(バーラン),877930414,Special,Luster スタイルパージ バーランS hit (Lu skill)
スタイルパージ(フォメル),3745407130,Special,Luster スタイルパージ フォメルS hit (Lu skill)
スタングレネード,506640607,Special,1
スタンコンサイド,1224723991,PA,1
スターアトマイザー,2925757249,Special,1
スターリングフォール,2231885709,PA,1
スターリングフォール,2231885710,PA,2
スターリングフォール,2231885711,PA,3
スターリングフォール,2231885744,PA,4
スターリングフォール,3810810460,PA,5
スターリングフォール,3810810461,PA,6
スターリングフォール,3810810462,PA,7
スターリングフォール,3810810463,PA,8
ステアタ(EtDB),3216339209,PA,1
ステアタ(EtDB),3216339272,PA,2
ステアタ(EtDS),1877753403,PA,1
ステアタ(Etウォンド),3968236707,PA,1
ステアタ(HrTMG),1905792389,Ranged,1
ステアタ(HrTMG),2834748182,Ranged,1
ステアタ(Hrソード),2094998893,Melee,2
ステアタ(Hrソード),2448594388,Melee,1
ステアタ(Hrタリス),1089593935,Ranged,2
ステアタ(Hrタリス),3318755300,Ranged,1
ステアタ(Hrタリス),4105920492,Ranged,3
ステアタ(Phカタナ),980427043,PA,1
ステアタ(Phライフル),1999947508,PA,1
ステアタ(Phロッド),2998890418,PA,
ステアタ(ウォンド),1777037248,Melee,1
ステアタ(カタナ),3106156042,Melee,1
ステアタ(ガンスラッシュ),2277392279,Melee,1
ステアタ(ザンディ),4035900181,Melee,Luster Step Attack
ステアタ(ジェットブーツ),798466786,Melee,1
ステアタ(ソード),1216456228,Melee,1
ステアタ(ダブルセイバー),422538670,Melee,1
ステアタ(ツインダガー),2767975965,Melee,1
ステアタ(デュアルブレード),991363414,Melee,1
ステアタ(ナックル),1024789612,Melee,1
ステアタ(バレットボウ),3762661375,Melee,1
ステアタ(バーラン),1527438262,Melee,Luster Step Attack
ステアタ(パルチザン),998183821,Melee,1
ステアタ(ラスター)(フォメル),3286390190,Melee,Luster Step Attack
ステアタ(ワイヤードランス),1667395446,Melee,1
ステアタ(属性なし),3892948221,Melee,Luster Step Attack
ステアタ(素手),2071807444,Melee,1
ステアタ(零式),1279043576,Melee,1
ステップエッジ,762625001,PA,1
ステップガード(EtDS),3668848108,PA,1
ステップガード(ザンディ),2785427875,Special,Luster ステップガード (Lu skill)
ステップガード(バーラン),3070047115,Special,Luster ステップガード (Lu skill)
ステップガード(バーラン),647085407,Special,Luster ステップガード (Lu skill)
ステップガード(フォメル),3113325750,Special,Luster ステップガード (Lu skill)
ステップガード(フォメル),3233723013,Special,Luster ステップガード (Lu skill)
ステップガード(属性なし),2480928358,Special,Luster ステップガード (Lu skill)
ステップスライド(ザンディ),14025793,Special,Luster ステップスライド backwards (Lu skill)
ステップスライド(ザンディ),2972788088,Special,Luster ステップスライド forward (Lu skill)
ステップスライド(ザンディ),3228155310,Special,Luster ステップスライド sideways (Lu skill)
ステップスライド(バーラン),1890244919,Special,Luster ステップスライド forward (Lu skill)
ステップスライド(バーラン),76288340,Special,Luster ステップスライド sideways (Lu skill)
ステップスライド(バーラン),861064826,Special,Luster ステップスライド backwards (Lu skill)
ステップスライド(フォメル),177981608,Special,Luster ステップスライド backwards (Lu skill)
ステップスライド(フォメル),2207557530,Special,Luster ステップスライド sideways (Lu skill)
ステップスライド(フォメル),444545478,Special,Luster ステップスライド forward (Lu skill)
ステップスライド(属性なし),1000184235,Special,Luster ステップスライド backwards (Lu skill)
ステップスライド(属性なし),4065806309,Special,Luster ステップスライド forward (Lu skill)
ステップスライド(属性なし),850061164,Special,Luster ステップスライド sideways (Lu skill)
ストライクガスト,1301043509,PA,5
ストライクガスト,2049018178,PA,3
ストライクガスト,2440471691,PA,1
ストライクガスト,2476784422,PA,4
ストライクガスト,3088217635,PA,7
ストライクガスト,3955365271,PA,6
ストライクガスト,3982071982,PA,2
ストライクガスト零式,1071365573,PA,2
ストライクガスト零式,1462163353,PA,4
ストライクガスト零式,1808168665,PA,5
ストライクガスト零式,2869687889,PA,1
ストライクガスト零式,452976794,PA,3
ストレイトチャージ,2294749657,PA,4
ストレイトチャージ,3732653666,PA,1
ストレイトチャージ,3964807003,PA,2
ストレイトチャージ,524347705,PA,3
ストレイトチャージ零式,1438955103,PA,1
ストレイトチャージ零式,3383204495,PA,2
スナッチステップ,3943870236,Melee,1
スニークシューター,220056777,PA,1
スピードレイン,2059941313,PA,1
スピードレイン,2526158104,PA,2
スフィアイレイザー,2219595324,PA,1
スライドアッパー 零式,4153501763,PA,2
スライドアッパー 零式,4153501826,PA,1
スライドエンド,1834644812,PA,4
スライドエンド,2909671153,PA,2
スライドエンド,3587562687,PA,3
スライドエンド,377464480,PA,1
スライドシェイカー,1520282204,PA,2
スライドシェイカー,2058300958,PA,4
スライドシェイカー,3227905532,PA,3
スライドシェイカー,636978853,PA,1
スライドステアタ(EtDS),3668847214,PA,1
スラッグスキャッター(ザンディ),1841756890,PA,Luster スラッグスキャッター direction hold hits
スラッグスキャッター(ザンディ),1841757084,PA,Luster スラッグスキャッター direction hold final hits
スラッグスキャッター(ザンディ),2752658819,PA,Luster スラッグスキャッター stationary
スラッグスキャッター(ザンディ),2814773680,PA,Luster スラッグスキャッター stationary hold
スラッグスキャッター(ザンディ),3225271342,PA,Luster スラッグスキャッター stationary hold no gear
スラッグスキャッター(ザンディ),3779802534,PA,Luster スラッグスキャッター direction
スラッグスキャッター(ザンディ),71417938,PA,Luster スラッグスキャッター direction hold final hits no gear
スラッグスキャッター(ザンディ),71419540,PA,Luster スラッグスキャッター direction hold hits no gear
スラッグスキャッター(バーラン),1689998187,PA,Luster スラッグスキャッター direction hold hits
スラッグスキャッター(バーラン),1689998250,PA,Luster スラッグスキャッター direction hold final hits
スラッグスキャッター(バーラン),214573341,PA,Luster スラッグスキャッター direction
スラッグスキャッター(バーラン),3379807798,PA,Luster スラッグスキャッター direction hold final hits no gear
スラッグスキャッター(バーラン),3379807863,PA,Luster スラッグスキャッター direction hold hits no gear
スラッグスキャッター(バーラン),3721984731,PA,Luster スラッグスキャッター stationary hold no gear
スラッグスキャッター(バーラン),903340224,PA,Luster スラッグスキャッター stationary
スラッグスキャッター(バーラン),92602046,PA,Luster スラッグスキャッター stationary hold
スラッグスキャッター(フォメル),2641984285,PA,Luster スラッグスキャッター direction hold hits no gear 
スラッグスキャッター(フォメル),2641984348,PA,Luster スラッグスキャッター direction hold final hits no gear
スラッグスキャッター(フォメル),326296474,PA,Luster スラッグスキャッター stationary hold
スラッグスキャッター(フォメル),3300417638,PA,Luster スラッグスキャッター stationary hold no gear
スラッグスキャッター(フォメル),3592717384,PA,Luster スラッグスキャッター direction
スラッグスキャッター(フォメル),4242543394,PA,Luster スラッグスキャッター direction hold final hits
スラッグスキャッター(フォメル),4242543585,PA,Luster スラッグスキャッター direction hold
スラッグスキャッター(フォメル),618844951,PA,Luster スラッグスキャッター stationary
スラッグスキャッター(属性なし),1291450859,PA,Luster スラッグスキャッター stationary hold
スラッグスキャッター(属性なし),1552123291,PA,Luster スラッグスキャッター direction hold hits no gear
スラッグスキャッター(属性なし),1552123482,PA,Luster スラッグスキャッター direction hold final hits no gear
スラッグスキャッター(属性なし),1685497108,PA,Luster スラッグスキャッター direction hold final hits
スラッグスキャッター(属性なし),1685497175,PA,Luster スラッグスキャッター direction hold hits
スラッグスキャッター(属性なし),3272907865,PA,Luster スラッグスキャッター direction
スラッグスキャッター(属性なし),4066883312,PA,Luster スラッグスキャッター stationary
スラッグスキャッター(属性なし),734319635,PA,Luster スラッグスキャッター stationary hold no gear
スラッシュフォール(ザンディ),1165228084,Special,Luster スラッシュフォール hold (Lu skill)
スラッシュフォール(ザンディ),1458283045,Special,Luster スラッシュフォール air sword hit (Lu skill)
スラッシュフォール(ザンディ),660935806,Special,Luster スラッシュフォール hold no gear (Lu skill)
スラッシュフォール(ザンディ),942756658,Special,Luster スラッシュフォール (Lu skill)
スラッシュフォール(バーラン),2040738961,Special,Luster スラッシュフォール (Lu skill)
スラッシュフォール(バーラン),2530530277,Special,Luster スラッシュフォール hold (Lu skill)
スラッシュフォール(バーラン),3614105314,Special,Luster スラッシュフォール air sword hit (Lu skill)
スラッシュフォール(バーラン),498703720,Special,Luster スラッシュフォール hold no gear (Lu skill)
スラッシュフォール(フォメル),1927014535,Special,Luster スラッシュフォール hold (Lu skill)
スラッシュフォール(フォメル),2095263219,Special,Luster スラッシュフォール hold no gear (Lu skill)
スラッシュフォール(フォメル),2413146675,Special,Luster スラッシュフォール air sword hit (Lu skill)
スラッシュフォール(フォメル),944554419,Special,Luster スラッシュフォール (Lu skill)
スラッシュフォール(属性なし),1197374983,Special,Luster スラッシュフォール (Lu skill)
スラッシュフォール(属性なし),1876898478,Special,Luster スラッシュフォール hold no gear (Lu skill)
スラッシュフォール(属性なし),2198880678,Special,Luster スラッシュフォール hold (Lu skill)
スラッシュフォール(属性なし),2557185610,Special,Luster スラッシュフォール air sword hit (Lu skill)
スラッシュライズ(ザンディ),1519968653,Special,Luster スラッシュライズ  (Lu skill)
スラッシュライズ(ザンディ),3302003211,Special,Luster スラッシュライズ  hold no gear (Lu skill)
スラッシュライズ(ザンディ),440065617,Special,Luster スラッシュライズ  hold (Lu skill)
スラッシュライズ(バーラン),1593374957,Special,Luster スラッシュライズ  (Lu skill)
スラッシュライズ(バーラン),185538533,Special,Luster スラッシュライズ  hold (Lu skill)
スラッシュライズ(バーラン),698077075,Special,Luster スラッシュライズ  hold no gear (Lu skill)
スラッシュライズ(フォメル),2992516031,Special,Luster スラッシュライズ  hold no gear (Lu skill)
スラッシュライズ(フォメル),3084143207,Special,Luster スラッシュライズ  hold (Lu skill)
スラッシュライズ(フォメル),3645978248,Special,Luster スラッシュライズ  (Lu skill)
スラッシュライズ(属性なし),1395796309,Special,Luster スラッシュライズ  (Lu skill)
スラッシュライズ(属性なし),3724401130,Special,Luster スラッシュライズ  hold no gear (Lu skill)
スラッシュライズ(属性なし),53211277,Special,Luster スラッシュライズ  hold (Lu skill)
スラッシュレイヴ,1159428500,PA,3
スラッシュレイヴ,3180075746,PA,4
スラッシュレイヴ,799003014,PA,2
スラッシュレイヴ,799003079,PA,1
スリラープロード,3912567547,PA,1
セイクリッドスキュア,3090311227,PA,2
セイクリッドスキュア,978114411,PA,1
セイクリッドスキュア零式,1194865789,PA,1
セイクリッドスキュア零式,2210359068,PA,3
セイクリッドスキュア零式,2391746623,PA,4
セイクリッドスキュア零式,458263249,PA,2
セイバーデストラクション,2697421354,PA,2
セイバーデストラクション,2697421419,PA,1
セイバーデストラクション,2697421743,PA,3
セカンドオブエッジ,2832005465,PA,1
セルリアンバリスタ,3760583070,PA,1
セルリアンバリスタ,3760583384,PA,2
セレスティアルコライド,3016370354,PA,1
セレスティアルコライド,3016370673,PA,2
センセーショナル・スピード,3617357696,Melee,1
ゼロディスタンス,2709161503,PA,1
ソニックアロウ,1410023705,PA,4
ソニックアロウ,3096760613,PA,1
ソニックアロウ,3096760676,PA,2
ソニックアロウ,3096768032,PA,3
ゾンデ,1715327776,Tech,1
ゾンデ,554054867,Tech,2
ゾンディール,2651268955,Tech,2
ゾンディール,3588292375,Tech,1
タイラントストライク,1117313924,Special,1
ダイブアサルト,2970658149,Melee,1
ダイブオブバレット,1342643252,PA,1
ダイブロールシュート(四連石榴),3569343302,Ranged,1
ダッキングブロウ(素手),3085782811,Melee,1
ダッキングブロウ,3490454980,PA,1
ダッシュアタック,85301616,PA,1
ダークスケルツォ,2115627908,PA,3
ダークスケルツォ,2115627909,PA,2
ダークスケルツォ,2115627930,PA,1
ダークスケルツォ,2115627931,PA,0
ダークスケルツォ,2711968272,PA,1
ダークスケルツォ,2711968273,PA,0
ダークスケルツォ,2711968286,PA,3
ダークスケルツォ,2711968287,PA,2
チェイスアロウ,294264342,PA,1
ツイスターフォール,1224723730,PA,1
ツイスターフォール,3096797813,PA,2
ツイスターフォール,3096804787,PA,3
ツイスターフォール,3096805226,PA,4
ツイスターフォール零式,1227788826,PA,4
ツイスターフォール零式,1227789065,PA,2
ツイスターフォール零式,1227789258,PA,3
ツイスターフォール零式,3096804398,PA,1
ツキミサザンカ,3148575588,PA,1
ティアーズグリッド,195498830,PA,2
ティアーズグリッド,3226393072,PA,4
ティアーズグリッド,3331228937,PA,1
ティアーズグリッド,3630719180,PA,3
テク追撃(Ph),2999731584,PA,1
テンペストレイド,1927231955,PA,1
テンペストレイド,2141090244,PA,2
テンペストレイド,3659915973,PA,3
テンペストレイド,3782877357,PA,4
ディストラクトウィング,2674942854,PA,3
ディストラクトウィング,2674942855,PA,4
ディストラクトウィング,2674942872,PA,1
ディストラクトウィング,2674942873,PA,2
ディストーションピアス,2146020473,PA,2
ディストーションピアス,2146020536,PA,1
ディストーションピアス,2146021178,PA,3
ディストーションピアス,3346332164,PA,4
ディスパースシュライク,1077400736,PA,6
ディスパースシュライク,1077400737,PA,5
ディスパースシュライク,1077400738,PA,8
ディスパースシュライク,1077400739,PA,7
ディバインランチャー 零式,1445952978,PA,1
ディバインランチャー 零式,1445953294,PA,2
ディバインランチャー,2709160760,PA,1
ディフュージョン・レイ,2091027507,Melee,1
ディフューズシェル,220057487,PA,1
ディフレクトコンボ(カウンター),1299131665,PA,5
ディフレクトコンボ(カウンター),3703475948,PA,4
ディフレクトコンボ,1299126211,PA,2
ディフレクトコンボ,1299131728,PA,7
ディフレクトコンボ,2505461367,PA,3
ディフレクトコンボ,3703475885,PA,6
ディフレクトコンボ,3703502919,PA,1
ディメイト,2925757256,Special,1
デッドアプローチ,232817712,PA,0
デッドアプローチ,232817717,PA,3
デッドアプローチ,232817718,PA,2
デッドアプローチ,232817719,PA,1
デッドリーアーチャー,4243814605,PA,1
デッドリーサークル,1319999679,PA,1
デッドリーサークル零式,1215958429,PA,2
デュアルブレードスナッチ,1317379950,Melee,1
トライインパクト,1956354608,PA,2
トライインパクト,3316645180,PA,1
トライインパクト零式,1585984604,PA,4
トライインパクト零式,2041657518,PA,1
トライインパクト零式,3770139908,PA,3
トライインパクト零式,4121081309,PA,2
トリックレイヴ,13652846,PA,2
トリックレイヴ,2653614511,PA,1
トリックレイヴ,3577272225,PA,4
トリックレイヴ,3731898348,PA,3
トリットシューター,294299758,PA,1
トリットシューター,294300276,PA,2
トリットシューター,349059562,PA,3
トリットシューター零式,3255472210,PA,3
トリットシューター零式,349008452,PA,1
トリットシューター零式,349008990,PA,2
トリムシャウト,4093858743,PA,5
トリムスタッブ,4093858806,PA,1
トリムスパイラル,2211899418,PA,1
トリムスパイラル,2211899483,PA,2
トリムスパイラル,2211900312,PA,4
トリムスパイラル,926005986,PA,3
トリムスパイラル,926861457,PA,5
トリムスラッシュ,4093858613,PA,1
トリムスラッシュ,672024361,PA,2
トリムバレット,2052351310,PA,3
トリムバレット,4238918472,PA,1
トリムバレット,4238918539,PA,2
トリムバレット,672081019,PA,4
トリメイト,2925757259,Special,1
トルネードダンス,1825444869,PA,3
トルネードダンス零式,275226098,PA,1
トルネードダンス零式,3746811944,PA,2
トレンシャルアロウ,347381151,PA,2
トレンシャルアロウ,347381214,PA,1
ナハトアングリフ,3220962310,PA,1
ナハトアングリフ,3220962891,PA,2
ナハトアングリフSh,4046511708,PA,3
ナ・グランツ,3224409263,Tech,1
ナ・グランツ,441986811,Tech,2
ナ・ザン,1233164694,Tech,1
ナ・ザン,1497197786,Tech,2
ナ・ゾンデ,1343119479,Tech,4
ナ・ゾンデ,2789601843,Tech,1
ナ・ゾンデ,3856490257,Tech,2
ナ・ゾンデ,4278420419,Tech,3
ナ・バータ,49556873,Tech,1
ナ・フォイエ,3050042460,Tech,1
ナ・フォイエ,4054265489,Tech,2
ナ・フォイエ,828617961,Tech,3
ナ・フォイエ,840836682,Tech,4
ナ・メギド,2368738938,Tech,2
ナ・メギド,803375681,Tech,1
ネクストジャンプ,3274240781,Special,1
ノヴァストライク,3034360175,PA,3
ノヴァストライク,3096784224,PA,1
ノヴァストライク,3096784697,PA,2
ノヴァストライク,3950438450,PA,1
ノヴァストライク,3950438451,PA,2
ノヴァストライク,3950438460,PA,3
ハッピーバズーカ,4271465542,Special,1
ハトウリンドウ,106956039,PA,6
ハトウリンドウ,1651702934,PA,5
ハトウリンドウ,168167719,PA,7
ハトウリンドウ,2209628291,PA,4
ハトウリンドウ,2325733367,PA,2
ハトウリンドウ,273071015,PA,3
ハトウリンドウ,3651508774,PA,1
ハリケーンセンダー,1523926105,PA,5
ハリケーンセンダー,1523926426,PA,3
ハリケーンセンダー,1523926491,PA,1
ハリケーンセンダー,524782206,PA,4
ハリケーンセンダー,524782271,PA,6
ハリケーンセンダー,524784934,PA,2
ハートレスインパクト,1169988911,PA,1
ハートレスインパクト,63569063,PA,2
バインドスルー,2996928382,PA,1
バインドスルー,377627045,PA,2
バインドバレット,192041748,Special,1
バックハンドスマッシュ,653244002,PA,3
バックハンドスマッシュ,653244128,PA,2
バックハンドスマッシュ,653244323,PA,1
バニッシュアロウ,348753019,PA,1
バレットスコール,3463411282,PA,1
バレットスコール,3463411283,PA,0
バレットスコール,3463411292,PA,3
バレットスコール,3463411293,PA,2
バレットスコール,443425896,PA,1
バレットスコール,443425897,PA,0
バレットスコール,443425898,PA,3
バレットスコール,443425899,PA,2
バンタースナッチ,3904258146,PA,1
バンタースナッチ,4105316267,PA,2
バータ,2503064048,Tech,2
バータ,266516230,Tech,1
バーティカルフロウ,1609610314,PA,5
バーティカルフロウ,1609610974,PA,2
バーティカルフロウ,1625099760,PA,4
バーティカルフロウ,1625099890,PA,1
バーティカルフロウ,2419210264,PA,6
バーティカルフロウ,2419211090,PA,3
バーランツィオン,1163319447,Tech,3
バーランツィオン,2334157934,Tech,4
バーランツィオン,2379907725,Tech,5
バーランツィオン,295363461,Tech,1
バーランツィオン,3388489620,Tech,2
バーン,2505927753,Status,5
バーン,2505928505,Status,2
バーン,2505928570,Status,1
バーン,2505928584,Status,4
バーン,2505928696,Status,3
パニックショット,1201754534,Special,1
パニックショット,2212135647,Special,3
パニックショット,4206984394,Special,2
パニッシュメントナックル,1117313539,Special,1
パニッシュメントナックル,1611279117,Special,2
パラレルスライダー,220057419,PA,1
パラレルスライダー零式,3857649477,PA,1
パリィ,2717596840,PA,1
ヒエンツバキ,3148574817,PA,1
ヒーリングガード,662646057,Special,1
ヒールシェア,2616315751,Special,1
ヒールスタッブ,1163390928,PA,3
ヒールスタッブ,1163390930,PA,1
ヒールスタッブ,1163390931,PA,2
ヒールスタッブ,1163390941,PA,0
ヒールスタッブ,148870080,PA,3
ヒールスタッブ,148870081,PA,2
ヒールスタッブ,148870086,PA,1
ヒールスタッブ,148870087,PA,0
ヒールスタッブ,2371693860,PA,2
ヒールスタッブ,2371693861,PA,3
ヒールスタッブ,2371693862,PA,0
ヒールスタッブ,2371693863,PA,1
ヒールスタッブ,4134662873,PA,0
ヒールスタッブ,4134662876,PA,3
ヒールスタッブ,4134662878,PA,1
ヒールスタッブ,4134662879,PA,2
ビックリハンマー,305729398,Special,2
ビックリハンマー,4271466373,Special,1
ピアッシングシェル,220056925,PA,1
ピークアップスロー,2913954274,PA,4
ピークアップスロー,3149659211,PA,3
ピークアップスロー,3489365027,PA,1
ピークアップスロー,433956771,PA,2
ファイナルストーム,1399183806,PA,2
ファイナルストーム,2832005530,PA,1
ファセットフォリア,1460149680,PA,11
ファセットフォリア,1460149681,PA,9
ファセットフォリア,1460149683,PA,8
ファセットフォリア,1460149686,PA,10
ファセットフォリア,2569859796,PA,2
ファセットフォリア,2569859797,PA,3
ファセットフォリア,2569859798,PA,0
ファセットフォリア,2569859799,PA,1
ファセットフォリア,3225817234,PA,7
ファセットフォリア,3225817324,PA,5
ファセットフォリア,3225817325,PA,6
ファセットフォリア,3225817327,PA,4
フィジカルダッシュ,517914866,Special,1
フィジカルダッシュ,517914869,Special,2
フェアブレッヒェン,4290111736,PA,1
フェアブレッヒャン,4290111408,PA,2
フェアブレッヒャンSh,3151257398,PA,3
フェイクキャプチャ,206972203,PA,1
フェイクキャプチャ,207210116,PA,2
フェイクシルエット,2219699734,PA,1
フェイタルノックアウト,465515874,PA,2
フェイタルノックアウト,465516065,PA,1
フェルカーモルト,1050889844,PA,4
フェルカーモルト,1579594507,PA,3
フェルカーモルト,1579594570,PA,1
フェルカーモルト,2670384126,PA,2
フェルカーモルトSh,1579574174,PA,5
フォイエ,169905548,Tech,2
フォイエ,2875245395,Tech,1
フォトンキャノン,1954812934,Special,2
フォトンキャノン,1954812953,Special,1
フォトンキャノン,2822784832,Special,3
フォトンクラスター(フォメル),2612099040,Special,Luster フォトンクラスター (Lu skill)
フォトンスピア,3274277101,Special,Luster フォトンスピア
フォトンバレット,212749371,Special,Luster フォトンバレット
フォトンパニッシャー,224805109,Special,1
フォトンブレード,2866606807,Special,2
フォトンブレード,3920319747,Special,1
フォトンレーザー砲,2676260123,Special,1
フォトン粒子砲,3339644659,Special,1
フォメルギオン,1671704953,Tech,2
フォメルギオン,9380787,Tech,1
フォルターツァイト,1599475427,PA,2
フォルターツァイト,987960176,PA,1
フォルターツァイトSh,1599473979,PA,3
フォルティッシモ・キック,1738105582,Melee,2
フォルティッシモ・キック,2295506478,Melee,1
フォルティッシモ・キック,37504833,Melee,3
フォールノクターン,1622238417,PA,1
フォールノクターン,1622238480,PA,2
フォールノクターン,1622238547,PA,3
フドウクチナシ,206850016,PA,1
フラッシュオブトリック,715424670,PA,2
フラッシュオブトリック,715425742,PA,1
フラッシュサウザンド,1586239574,PA,1
フラッシュサウザンド,3809237665,PA,2
フラワーカーニバル,2157431709,Special,4
フラワーカーニバル,3113171853,Special,3
フラワーカーニバル,3593316716,Special,1
フラワーカーニバル,3660851541,Special,5
フラワーカーニバル,3721426675,Special,6
フラワーカーニバル,483639921,Special,2
フリッカージャブ,2220142187,PA,1
フリーズイグニッション,3533119346,Special,1
フルコネクト,2511501522,PA,1
フルコネクト,2511501523,PA,2
フレイムバレット,2709161242,PA,1
フレッシェット(ザンディ),1236997706,PA,Luster フレッシェット direction
フレッシェット(ザンディ),1355552619,PA,Luster フレッシェット direction hold hit no gear
フレッシェット(ザンディ),1355552682,PA,Luster フレッシェット direction hold final hit no gear
フレッシェット(ザンディ),3176867481,PA,Luster フレッシェット direction hold hit
フレッシェット(ザンディ),3176867807,PA,Luster フレッシェット direction hold final hit
フレッシェット(ザンディ),3808927040,PA,Luster フレッシェット Zandi stationary hold no gear
フレッシェット(ザンディ),3892535876,PA,Luster フレッシェット stationary hold
フレッシェット(ザンディ),996668125,PA,Luster フレッシェット stationary
フレッシェット(バーラン),2064296513,PA,Luster フレッシェット direction
フレッシェット(バーラン),2256150497,PA,Luster フレッシェット stationary
フレッシェット(バーラン),2429721250,PA,Luster フレッシェット stationary hold
フレッシェット(バーラン),3396343605,PA,Luster フレッシェット direction hold final hit no gear
フレッシェット(バーラン),3396343796,PA,Luster フレッシェット direction hold hits no gear
フレッシェット(バーラン),3740807337,PA,Luster フレッシェット direction hold hit
フレッシェット(バーラン),3740807535,PA,Luster フレッシェット direction hold final hit
フレッシェット(バーラン),967387066,PA,Luster フレッシェット バーランS stationary hold no gear
フレッシェット(フォメル),1165627302,PA,Luster フレッシェット フォメルS stationary hold no gear
フレッシェット(フォメル),1465951479,PA,Luster フレッシェット direction
フレッシェット(フォメル),1692819076,PA,Luster フレッシェット direction hold hit
フレッシェット(フォメル),1692819269,PA,Luster フレッシェット direction hold final hit
フレッシェット(フォメル),1961649619,PA,Luster フレッシェット stationary hold
フレッシェット(フォメル),2611294785,PA,Luster フレッシェット stationary
フレッシェット(フォメル),869974062,PA,Luster フレッシェット direction hold hit no gear
フレッシェット(フォメル),869975021,PA,Luster フレッシェット direction hold final hit no gear
フレッシェット(属性なし),1150186814,PA,Luster フレッシェット direction hold final hit no gear
フレッシェット(属性なし),1150187886,PA,Luster フレッシェット direction hold hit no gear
フレッシェット(属性なし),1663883291,PA,Luster フレッシェット direction hold hit
フレッシェット(属性なし),1663883482,PA,Luster フレッシェット direction hold final hit
フレッシェット(属性なし),2092584073,PA,Luster フレッシェット stationary hold
フレッシェット(属性なし),2975705021,PA,Luster フレッシェット direction
フレッシェット(属性なし),4181296419,PA,Luster フレッシェット NoS stationary hold no gear
フレッシェット(属性なし),596161793,PA,Luster フレッシェット stationary
ブライトネスエンド,346766635,PA,2
ブライトネスエンド,718820347,PA,1
ブラックホールラプチャー,2286047535,PA,3
ブラックホールラプチャー,2710202273,PA,2
ブラックホールラプチャー,2723321977,PA,1
ブラックホールラプチャーFo,2286047593,PA,4
ブラック・クイーン・アライバル,1891210633,Melee,1
ブラッディサラバンド,1022160394,PA,3
ブラッディサラバンド,1022160395,PA,2
ブラッディサラバンド,1022160396,PA,1
ブラッディサラバンド,1022160397,PA,0
ブラッディサラバンド,1185927985,PA,4
ブラッディサラバンド,2745888513,PA,8
ブラッディサラバンド,2745888514,PA,7
ブラッディサラバンド,2745888515,PA,6
ブラッディサラバンド,2745888524,PA,5
ブランドエクステンション(ザンディ),1084186804,PA,Luster ブランドエクステンション stationary hold final hits no gear
ブランドエクステンション(ザンディ),1084186869,PA,Luster ブランドエクステンション stationary hold hits no gear
ブランドエクステンション(ザンディ),1678672178,PA,Luster ブランドエクステンション stationary
ブランドエクステンション(ザンディ),2835972652,PA,Luster ブランドエクステンション direction hold final hits
ブランドエクステンション(ザンディ),2835972717,PA,Luster ブランドエクステンション direction hold hits
ブランドエクステンション(ザンディ),3118883654,PA,Luster ブランドエクステンション direction
ブランドエクステンション(ザンディ),481069954,PA,Luster ブランドエクステンション stationary hold hits
ブランドエクステンション(ザンディ),481070019,PA,Luster ブランドエクステンション stationary hold final hits
ブランドエクステンション(ザンディ),914860648,PA,Luster ブランドエクステンション direction hold final hit no gear
ブランドエクステンション(ザンディ),914860715,PA,Luster ブランドエクステンション direction hold hits no gear
ブランドエクステンション(バーラン),1571907633,PA,Luster ブランドエクステンション stationary hold hits
ブランドエクステンション(バーラン),1571907696,PA,Luster ブランドエクステンション stationary hold final hits
ブランドエクステンション(バーラン),2116508968,PA,Luster ブランドエクステンション direction hold hits no gear
ブランドエクステンション(バーラン),2116509417,PA,Luster ブランドエクステンション direction hold final hits no gear
ブランドエクステンション(バーラン),2437641506,PA,Luster ブランドエクステンション stationary
ブランドエクステンション(バーラン),3199894154,PA,Luster ブランドエクステンション stationary hold hits no gear
ブランドエクステンション(バーラン),3199894347,PA,Luster ブランドエクステンション stationary hold final hits no gear
ブランドエクステンション(バーラン),4097020950,PA,Luster ブランドエクステンション direction hold final hits
ブランドエクステンション(バーラン),4097021015,PA,Luster ブランドエクステンション direction hold hits
ブランドエクステンション(バーラン),503960224,PA,Luster ブランドエクステンション direction
ブランドエクステンション(フォメル),2089638825,PA,Luster ブランドエクステンション direction hold no gear hits
ブランドエクステンション(フォメル),2089638888,PA,Luster ブランドエクステンション direction hold no gear final hits
ブランドエクステンション(フォメル),3491739792,PA,Luster ブランドエクステンション stationary hold no gear final hits
ブランドエクステンション(フォメル),3491739985,PA,Luster ブランドエクステンション stationary hold no gear hits
ブランドエクステンション(フォメル),4268540419,PA,Luster ブランドエクステンション direction hold final hits
ブランドエクステンション(フォメル),4268540610,PA,Luster ブランドエクステンション direction hold hits
ブランドエクステンション(フォメル),558647481,PA,Luster ブランドエクステンション stationary
ブランドエクステンション(フォメル),720149043,PA,Luster ブランドエクステンション stationary hold hits
ブランドエクステンション(フォメル),720149490,PA,Luster ブランドエクステンション stationary hold final hits
ブランドエクステンション(フォメル),798845847,PA,Luster ブランドエクステンション direction
ブランドエクステンション(属性なし),139846217,PA,Luster ブランドエクステンション direction hold final hit no gear
ブランドエクステンション(属性なし),139846536,PA,Luster ブランドエクステンション direction hold hits no gear
ブランドエクステンション(属性なし),3001853672,PA,Luster ブランドエクステンション stationary
ブランドエクステンション(属性なし),330430247,PA,Luster ブランドエクステンション stationary hold final hits
ブランドエクステンション(属性なし),330430310,PA,Luster ブランドエクステンション stationary hold hits
ブランドエクステンション(属性なし),3548536679,PA,Luster ブランドエクステンション stationary hold final hit no gear
ブランドエクステンション(属性なし),3548536742,PA,Luster ブランドエクステンション stationary hold hits no gear
ブランドエクステンション(属性なし),4039854469,PA,Luster ブランドエクステンション direction hold final hits
ブランドエクステンション(属性なし),4039854532,PA,Luster ブランドエクステンション direction hold hits
ブランドエクステンション(属性なし),622623242,PA,Luster ブランドエクステンション direction
ブランニュースター,1399183080,PA,2
ブランニュースター,2832005595,PA,1
ブーストキック,85301612,Special,4
ブーストキック,85301614,Special,1
ブーストキック,85302964,Special,2
ブーストキック,85302966,Special,5
ブーストキック,85303029,Special,3
ブーストキック,85303031,Special,6
プリズムサーキュラー,4288338327,PA,3
プリズムサーキュラー,699328332,PA,1
プリズムサーキュラー,788841907,PA,2
プリズムサーキュラーFo,788842224,PA,4
プロテクトリリース,1295321598,PA,1
プロテクトリリース,3099099080,PA,4
プロテクトリリース,3381519386,PA,3
プロテクトリリース,3381519387,PA,2
プロミネンスアサイル,2751377490,PA,1
プロミネンスアサイル,2751377556,PA,2
プロミネンスアサイル,2751377621,PA,3
ヘブンリーカイト,1536765732,PA,2
ヘブンリーカイト,1536765733,PA,1
ヘブンリーカイト,1536765734,PA,4
ヘブンリーカイト,1536765735,PA,3
ヘブンリーカイト,3702927796,PA,7
ヘブンリーカイト,3702927797,PA,6
ヘブンリーカイト,3702927798,PA,5
ヘブンリーカイト,3702927803,PA,8
ヘブンリーフォール,1713894514,PA,2
ヘブンリーフォール,4142951253,PA,1
ヘリクス・イメラ,1075221526,Special,1
ヘリクス・イメラ,1817839236,Special,2
ヘリクス・イメラ,3826344072,Special,1
ヘリクス・イメラ,4211237222,Special,2     
ヘリクス・ニフタ,2415309454,Special,2
ヘリクス・ニフタ,3627456031,Special,1
ヘリクス・ニフタ,3903398021,Special,1
ヘリクス・ニフタ,823402941,Special,2
ヘリクス・プロイ,1792224906,Special,2
ヘリクス・プロイ,2004640116,Special,1
ヘヴィーハンマー,1393830765,Special,3
ヘヴィーハンマー,1770469728,Special,1
ヘヴィーハンマー,3027256165,Special,2
ペネトレイトアロウ,345271774,PA,1
ペネトレイトアロウ,345281053,PA,2
ペンデュラムロール,2800536054,PA,1
ホローポイント(ザンディ),1406227085,PA,1
ホローポイント(ザンディ),1406227276,PA,1
ホローポイント(ザンディ),2554391840,PA,1
ホローポイント(ザンディ),2554392033,PA,1
ホローポイント(ザンディ),2618945044,PA,1
ホローポイント(ザンディ),2618945109,PA,1
ホローポイント(ザンディ),3218191989,PA,1
ホローポイント(ザンディ),3218192052,PA,1
ホローポイント(ザンディ),3823914485,PA,1
ホローポイント(ザンディ),865932846,PA,1
ホローポイント(バーラン),1216539151,PA,1
ホローポイント(バーラン),1216539342,PA,1
ホローポイント(バーラン),2201431563,PA,1
ホローポイント(バーラン),2201431626,PA,1
ホローポイント(バーラン),3399722656,PA,1
ホローポイント(バーラン),4080136121,PA,1
ホローポイント(バーラン),4080136312,PA,1
ホローポイント(バーラン),717533710,PA,1
ホローポイント(バーラン),717533775,PA,1
ホローポイント(バーラン),848662808,PA,1
ホローポイント(フォメル),1339015336,PA,1
ホローポイント(フォメル),1339015403,PA,1
ホローポイント(フォメル),2909644564,PA,1
ホローポイント(フォメル),2909644629,PA,1
ホローポイント(フォメル),3029011960,PA,1
ホローポイント(フォメル),3051384305,PA,1
ホローポイント(フォメル),3051384498,PA,1
ホローポイント(フォメル),3198762365,PA,1
ホローポイント(フォメル),98208226,PA,1
ホローポイント(フォメル),98235939,PA,1
ホローポイント(属性なし),1165118285,PA,1
ホローポイント(属性なし),1165121417,PA,1
ホローポイント(属性なし),2680298506,PA,1
ホローポイント(属性なし),2934429966,PA,1
ホローポイント(属性なし),2934430031,PA,1
ホローポイント(属性なし),3500311290,PA,1
ホローポイント(属性なし),508166378,PA,1
ホローポイント(属性なし),508167726,PA,1
ホローポイント(属性なし),619962881,PA,1
ホローポイント(属性なし),619968869,PA,1
ホーミングエミッション,220057166,PA,1
ホーミングエミッション零式,3857665729,PA,1
ホールディングカレント,1667539691,PA,4
ホールディングカレント,3976609677,PA,1
ホールディングカレント,4083023452,PA,2
ホールディングカレント,604066823,PA,3
ポイズン,1739789664,Status,4
ポイズン,1739789665,Status,3
ポイズン,1739789667,Status,5
ポイズン,1739789694,Status,2
ポイズン,1739789695,Status,1
ポイズンイグニッション,2532986093,Special,1
ポイズントラップ,3727926333,Special,1
ポイズントラップEx,2794244546,Special,1
ポップルカース,3737792897,PA,1
ポップルチェイサー,1711859717,PA,1
ポップルフォール,1711861634,PA,1
ポップルプロード,2622073432,PA,1
ポップルプロード,850642716,PA,2
マスターシュート,346594595,PA,1
マスターシュート,346612320,PA,2
マナ速射砲,1913897098,Special,1
マロン&メロン爆発死,3460765776,Damage,1
マロンカース,1099252288,PA,1
マロンカース,1102156943,PA,2
マロンストライク(暴発),4118650930,PA,4
マロンストライク,3595323408,PA,1
マロンストライク,3595323799,PA,3
マロンストライク,3595323990,PA,2
マロンチェイサー,115059427,PA,1
マロンブレイク,115059488,PA,1
マーキング(Hrタリス),1159592166,Ranged,1
ミラージュショット,1226027508,Special,2
ミラージュショット,3074547700,Special,3
ミラージュショット,3433218069,Special,1
ミリオンストーム,294264661,PA,1
メギド,1348241237,Tech,2
メギド,3476394151,Tech,1
メシアタイム,3991628324,PA,1
メシアタイム,3991628325,PA,2
メシアタイム,3991628327,PA,0
メシアタイム,3991628330,PA,3
メテオフィスト,1050511877,PA,4
メテオフィスト,1160708678,PA,3
メテオフィスト,1647551898,PA,2
メテオフィスト,2796397201,PA,1
メテオフィスト,70519939,PA,5
メロンカース,745748621,PA,1
メロンカース,745791480,PA,2
メロンストライク(暴発),1160289435,PA,3
メロンストライク,3889465879,PA,2
メロンストライク,3889465937,PA,1
メロンストライク,3889466000,PA,0
メロンチェイサー,3771080766,PA,1
メロンブレイク,3771080959,PA,1
モノメイト,2925757257,Special,1
モーメントオブトリック,2832005400,PA,1
モーメントゲイル,1327336062,PA,1
モーメントゲイル,4236946851,PA,2
ユリウス・イメラ,3412523137,Special,4
ユリウス・イメラ,3412523138,Special,3
ユリウス・イメラ,3412523139,Special,2
ユリウス・イメラ,3412523140,Special,1
ユリウス・ニフタ,764702091,Special,4
ユリウス・ニフタ,764702092,Special,3
ユリウス・ニフタ,764702093,Special,2
ユリウス・ニフタ,764702094,Special,1
ユリウス・プロイ,2074769722,Special,4
ユリウス・プロイ,2074769724,Special,2
ユリウス・プロイ,2074769725,Special,3
ユリウス・プロイ,2074769727,Special,1
ユリウス・プロイ,2224628883,Special,8
ユリウス・プロイ,2224628884,Special,7
ユリウス・プロイ,2224628885,Special,6
ユリウス・プロイ,2224628886,Special,5
ライジングエッジ,1224723795,PA,2
ライジングエッジ,1227622308,PA,1
ライジングスラッシュ,1830196905,PA,2
ライジングスラッシュ,2089764912,PA,5
ライジングスラッシュ,3710313763,PA,3
ライジングスラッシュ,3710313824,PA,4
ライジングスラッシュ,717168700,PA,1
ライジングスラッシュ,718899304,PA,6
ライジングフラッグ,1539563132,PA,2
ライジングフラッグ,2304899440,PA,1
ライジングフラッグ,3118916294,PA,4
ライジングフラッグ,4126118223,PA,3
ライトウェーブ,1624365942,PA,4
ライトウェーブ,1624366591,PA,1
ライトウェーブ,3350106162,PA,3
ライトウェーブ,3350106872,PA,2
ライトウェーブ,712251032,PA,6
ライトウェーブ,712272135,PA,5
ライドスラッシャー,1224723856,PA,1
ラコニウムソード,2235773608,Special,1
ラコニウムソード,2235773610,Special,2
ラコニウムソード,2235773611,Special,3
ラコニウムソード,2235773818,Special,4
ラコニウムソード,2235773926,Special,5
ラコニウムソード,2235773927,Special,6
ラコニウムソード,2235773944,Special,7
ラコニウムソード,2618804663,Special,8
ラコニウムソード,2619614461,Special,9
ラコニウムソード,3607718359,Special,10
ラスターカウンター(ザンディ),3402465838,Special,1
ラスターカウンター(バーラン),1754815403,Special,1
ラスターカウンター(フォメル),4109993569,Special,1
ラスターカウンター(属性なし),380547910,Special,1
ラスタータイム,1972006609,Special,1
ラスタータイム,1972006612,Special,1
ラスタータイム,1972006614,Special,1
ラスタータイム,1972006615,Special,1
ラスタータイム,30537184,Special,1
ラストネメシス,3765323771,PA,1
ラッピーエンド,1793658549,PA,3
ラッピーエンド,1793658679,PA,1
ラッピーエンド,1793658742,PA,2
ラッピーキャノン,1380677110,PA,1
ラッピーソニック,401389881,PA,1
ラッピードロップ,1380676151,PA,1
ラッピーメロディー,12316684,PA,2
ラッピーメロディー,3463249617,PA,1
ラディアントスティング,1463728189,PA,3
ラディアントスティング,1463728380,PA,1
ラディアントスティング,1624837806,PA,5
ラディアントスティング,2350220858,PA,4
ラディアントスティング,3117418431,PA,2
ランブリングムーン,4115432396,PA,2
ランブリングムーン,4252278068,PA,1
ラヴィシング・ステップ,452272060,Melee,1
ラ・グランツ,1533572763,Tech,1
ラ・グランツ,3561438056,Tech,2
ラ・ザン,1061314683,Tech,1
ラ・ザン,1105346738,Tech,2
ラ・ゾンデ,1182047893,Tech,2
ラ・ゾンデ,3676394406,Tech,1
ラ・バータ,1838809243,Tech,2
ラ・バータ,2628737071,Tech,1
ラ・フォイエ,3160663286,Tech,2
ラ・フォイエ,3727832945,Tech,1
ラ・メギド,1346510043,Tech,1
ラ・メギド,2458729274,Tech,2
リカバリーポッド,633660526,Special,1
リバースタッブ,1550097800,PA,0
リバースタッブ,1550097805,PA,3
リバースタッブ,1550097806,PA,2
リバースタッブ,1550097807,PA,1
ルミナスフレア,5834299,PA,1
ルミナスフレアFo,2338828957,PA,2
ルーフコンツェルト,1579408900,PA,3
ルーフコンツェルト,1579408972,PA,2
ルーフコンツェルト,1579409293,PA,1
ルーフコンツェルト,3522834748,PA,4
ルーフコンツェルトSh,1429241745,PA,5
ルーフコンツェルトSh,3406878835,PA,6
レイジダンス,2375995786,PA,2
レイジダンス,4069575100,PA,1
レイジングワルツ,238277152,PA,3
レイジングワルツ,238277154,PA,1
レイジングワルツ,238277155,PA,2
レイジングワルツ,238277165,PA,0
レイジングワルツ零式,1205859347,PA,0
レイジングワルツ零式,1205859348,PA,1
レイジングワルツ零式,1205859349,PA,2
レイジングワルツ零式,1205859350,PA,3
レスタ,142771121,Tech,1
レスタ,195155587,Tech,3
レスタ,3436243939,Tech,4
レスタ,4031424500,Tech,2
レドランスラッシュ,4244805011,PA,1
レドランバースト,1282005047,PA,3
レドランバースト,1282005173,PA,1
レドランバースト,1282005238,PA,2
レドランマイン,1312015390,PA,2
レドランマイン,4244805205,PA,1
レドランレーザー,1219413643,PA,3
レドランレーザー,1219413769,PA,1
レドランレーザー,1219413832,PA,2
レ・ザンディア,1867811711,Special,3
レ・ザンディア,1867811774,Special,2
レ・ザンディア,718207365,Special,1
レ・ザンディア,718208837,Special,4
レ・バーランツィア,138892717,Special,4
レ・バーランツィア,4003740182,Special,3
レ・バーランツィア,950479247,Special,2
レ・バーランツィア,950481737,Special,1
レ・フォメルギア,2206442470,Special,3
レ・フォメルギア,2206444891,Special,4
レ・フォメルギア,564406075,Special,1
レ・フォメルギア,564406201,Special,2
レーゲンシュラーク,74466659,PA,2
レーゲンシュラーク,74468002,PA,3
レーゲンシュラーク,74469442,PA,1
レーサーオブエッジ,1422891855,PA,1
ロイヤル・スコーピオン,793625150,Melee,1
ロッドシュート,82081592,Melee,1
ロデオドライブ,2219641904,PA,2
ロデオドライブ,2219642677,PA,1
ロデオドライブ零式,2419129261,PA,1
ロデオドライブ零式,3817341497,PA,2
ロデオドライブ零式,3817342330,PA,3
ローゼシュヴェルト,3569459368,PA,4
ローゼシュヴェルト,3569459369,PA,2
ローゼシュヴェルト,3569459371,PA,3
ローゼシュヴェルト,654363349,PA,1
ローゼシュヴェルトSh,1398920256,PA,5
ローゼシュヴェルトSh,1705644539,PA,6
ワイズハウンド,209487851,PA,1
ワイズハウンド,507041839,PA,3
ワイズハウンド,507041974,PA,2
ワイルドラウンド,1667539503,PA,1
ワイルドラプソディ,3998547224,PA,1
ワイルドラプソディ,3998547225,PA,2
ワイルドラプソディ,3998547226,PA,3
ワイルドラプソディ,3998547227,PA,4
ワクワクゴーカート,3983075073,Special,3
ワクワクゴーカート,4271465479,Special,2
ワクワクゴーカート,682884756,Special,1
ワンダアサルト,933681441,PA,1
ワンダショック,3960069496,PA,1
ワンダスライサー,2918501417,PA,1
ワンダスライサー,2918501480,PA,2
ワンダパルサー,4223323079,PA,2
ワンダパルサー,933701936,PA,1
ワンダブレイク,3960069561,PA,1
ワンポイント,220057548,PA,1
ヴァイオレンスステップ,2289473436,Melee,1
ヴィオラアサルト,4235149933,PA,1
ヴィオラアサルト,555201499,PA,1
ヴィオラスタンプ,375503608,PA,2
ヴィオラスタンプ,4244643339,PA,2
ヴィオラスタンプ,4259879100,PA,1
ヴィオラスタンプ,555203454,PA,1
ヴィオラスライサー,2643918193,PA,4
ヴィオラスライサー,2643918256,PA,3
ヴィオラスライサー,4259075094,PA,2
ヴィオラスライサー,4259075413,PA,1
ヴィオラパルサー,201300655,PA,2
ヴィオラパルサー,4234893896,PA,1
ヴィオラパルサー,444146511,PA,2
ヴィオラパルサー,555201434,PA,1
ヴィントジーカー,1528400162,PA,4
ヴィントジーカー,2398433897,PA,2
ヴィントジーカー,3849186397,PA,5
ヴィントジーカー,3958422470,PA,3
ヴィントジーカー,4124802045,PA,1
ヴィントジーカー,598735040,PA,6
ヴェイパーオブバレット,673837877,PA,1
ヴォルグラプター,925141705,PA,2
ヴォルグラプター,936938020,PA,1
ヴォルケンクラッツァー,1599486311,PA,1
ヴォルケンクラッツァー,987960240,PA,2
ヴォルケンクラッツァーSh,2011111966,PA,3
古の針散弾,2482321781,Special,1
古の針散弾,3918796978,Special,2
呪斬怨魂,3555827164,PA,2
呪斬怨魂,3555827165,PA,3
呪斬怨魂,3555827167,PA,1
呪斬怨魂,859457298,PA,5
呪斬怨魂,859457299,PA,6
呪斬怨魂,859457301,PA,4
四連石榴,3191508501,Special,1
四連石榴,3193149642,Special,2
四連石榴,3193417863,Special,3
回復ポッド,458852839,Special,1
変異の代償,3714671926,Special,1
大砲,2414748436,Special,1
天の加護,2428138007,Special,1
天雷の飛翔剣,2194522995,Special,2
天雷の飛翔剣,2924634920,Special,1
射撃/光炸裂弾,649064981,Special,1
射撃/光貫通弾,2373460025,Special,1
射撃/光通常弾,3303318723,Special,1
射撃/氷炸裂弾,1542931456,Special,1
射撃/氷貫通弾,3146527639,Special,1
射撃/氷通常弾,1509329819,Special,1
射撃/炎炸裂弾,867373469,Special,1
射撃/炎貫通弾,183890233,Special,1
射撃/炎通常弾,1810252617,Special,1
射撃/闇炸裂弾,2364012448,Special,1
射撃/闇貫通弾,196570118,Special,1
射撃/闇通常弾,1811866223,Special,1
射撃/雷炸裂弾,3126711672,Special,1
射撃/雷貫通弾,2042405421,Special,1
射撃/雷通常弾,887429903,Special,1
射撃/風炸裂弾,1687392375,Special,1
射撃/風貫通弾,195905495,Special,1
射撃/風通常弾,1747262548,Special,1
弧月蝕,2608912395,Special,1
打撃/アタック,2667138551,Special,1
打撃/アッパー,546125641,Special,1
打撃/ブロー,3296842070,Special,1
拘束銃座,1358461404,Special,1
未知なる魔杖,1919700754,Special,3
未知なる魔杖,4139628288,Special,1
未知なる魔杖,4139628318,Special,1
未知なる魔杖,4139628319,Special,2
東京風ハンバーグ,585389849,Special,1
武器アクション(ザンディ),3406326193,Special,1
武器アクション(ザンディ),349455117,Special,1
武器アクション(ザンディ),349455247,Special,1
武器アクション(ザンディ),349455438,Special,1
武器アクション(ザンディ),640472990,Special,1
武器アクション(バーラン),3371673397,Special,1
武器アクション(バーラン),908877573,Special,1
武器アクション(バーラン),908877635,Special,1
武器アクション(バーラン),908877698,Special,1
武器アクション(フォメル),1592178867,Special,1
武器アクション(フォメル),1592178930,Special,1
武器アクション(フォメル),1592179056,Special,1
武器アクション(フォメル),3988763798,Special,1
武器アクション(フォメル),3988763924,Special,1
武器アクション(フォメル),3988763991,Special,1
武器アクション(フォメル),577561831,Ranged,1
武器アクション(属性なし),240252326,Special,1
武器アクション(属性なし),2558880803,Special,1
武器切り替え(HrTMG),2461200579,Ranged,1
武器切り替え(Hrソード),2817683590,Melee,1
武器切り替え(Hrタリス),1591095807,Ranged,1
気弾,3043390195,Special,0
気弾,4293352220,Special,1
気弾,669993200,Special,2
法撃/グランツ,1886571787,Special,1
法撃/ザン,912617849,Special,1
法撃/ゾンデ,4075390095,Special,1
法撃/バータ,3760306129,Special,1
法撃/フォイエ,1049123664,Special,1
法撃/メギド,1059126347,Special,1
煉獄紅蓮,1353602257,Special,1
疾駆奮迅,3333338057,Special,2
疾駆奮迅,3438460459,Special,1
白虎の掟,1989470535,Special,1
白銀の輝焔,2711351862,Special,1
白銀の輝焔,923779696,Special,2
磁雷針,2370429206,Special,1
禍縛の矢,791327364,Special,1
縛魂の斬閃,2876421265,Special,2
縛魂の斬閃,895229155,Special,1
追撃の輝弓,2512505424,Special,1
追撃の輝弓,2512505439,Special,2
通常攻撃(EtDB),3591995488,PA,2
通常攻撃(EtDB),3591995809,PA,3
通常攻撃(EtDB),634701582,PA,1
通常攻撃(EtDB),634701708,PA,4
通常攻撃(EtDS),169524061,PA,2
通常攻撃(EtDS),2524726786,PA,5
通常攻撃(EtDS),3511369619,PA,3
通常攻撃(EtDS),3919241663,PA,1
通常攻撃(EtDS),601312782,PA,4
通常攻撃(Etウォンド),4018085689,PA,2
通常攻撃(Etウォンド),4018085752,PA,1
通常攻撃(Etウォンド),4018085882,PA,3
通常攻撃(HrTMG),1403081519,Ranged,1
通常攻撃(Hrソード),2441204331,Melee,5
通常攻撃(Hrソード),2441204394,Melee,6
通常攻撃(Hrソード),2444771520,Melee,1
通常攻撃(Hrソード),2444771715,Melee,2
通常攻撃(Hrソード),2832347180,Melee,3
通常攻撃(Hrソード),2832347245,Melee,4
通常攻撃(Hrソード),3756260250,Melee,7
通常攻撃(Hrソード),3756260700,Melee,8
通常攻撃(Hrタリス),3317919827,Ranged,1
通常攻撃(Hrタリス),3317921051,Ranged,2
通常攻撃(Hrタリス),3317921242,Ranged,3
通常攻撃(Phカタナ),840699920,PA,6
通常攻撃(Phカタナ),840699985,PA,5
通常攻撃(Phカタナ),840700311,PA,4
通常攻撃(Phカタナ),973258533,PA,3
通常攻撃(Phカタナ),973258596,PA,2
通常攻撃(Phカタナ),973258663,PA,1
通常攻撃(Phライフル),2491562565,PA,2
通常攻撃(Phライフル),2491562628,PA,3
通常攻撃(Phライフル),2491562758,PA,1
通常攻撃(Phロッド),2953139290,PA,3
通常攻撃(Phロッド),2953139611,PA,2
通常攻撃(Phロッド),2953139672,PA,1
通常攻撃(TMG),1901223401,Ranged,0
通常攻撃(TMG),1901223404,Ranged,2
通常攻撃(TMG),1901223406,Ranged,1
通常攻撃(TMG),1901223407,Ranged,3
通常攻撃(TMG),1923738865,Ranged,0
通常攻撃(TMG),1923738868,Ranged,2
通常攻撃(TMG),1923738870,Ranged,1
通常攻撃(TMG),1923738871,Ranged,3
通常攻撃(TMG),2297352793,Ranged,3
通常攻撃(TMG),2297352794,Ranged,2
通常攻撃(TMG),2297352795,Ranged,1
通常攻撃(TMG),2297353124,Ranged,0
通常攻撃(TMG),2594009160,Ranged,2
通常攻撃(TMG),2594009161,Ranged,3
通常攻撃(TMG),2594009166,Ranged,0
通常攻撃(TMG),2594009167,Ranged,1
通常攻撃(TMG),3132894400,Ranged,3
通常攻撃(TMG),3132894401,Ranged,2
通常攻撃(TMG),3132894402,Ranged,0
通常攻撃(TMG),3132894403,Ranged,1
通常攻撃(アサルトライフル),1856399071,Ranged,1
通常攻撃(アサルトライフル),220156466,Ranged,2
通常攻撃(ウィークバレット),713142898,Special,1
通常攻撃(ウォンド),1775819901,Melee,1
通常攻撃(ウォンド),1775820734,Melee,2
通常攻撃(ウォンド),1775820799,Melee,3
通常攻撃(エアロ),37070160,Melee,1
通常攻撃(エアロ),37070227,Melee,2
通常攻撃(エアロ),37070290,Melee,3
通常攻撃(カタナ),3103989825,Melee,4
通常攻撃(カタナ),3103990658,Melee,5
通常攻撃(カタナ),3103990723,Melee,6
通常攻撃(カタナ),3146534691,Melee,2
通常攻撃(カタナ),3146534752,Melee,1
通常攻撃(カタナ),3146534882,Melee,3
通常攻撃(ガンスラッシュ),1405961624,Melee,4
通常攻撃(ガンスラッシュ),1408075886,Melee,2
通常攻撃(ガンスラッシュ),2125202658,Ranged,7
通常攻撃(ガンスラッシュ),2364486899,Melee,3
通常攻撃(ガンスラッシュ),2867139739,Ranged,9
通常攻撃(ガンスラッシュ),3318968327,Melee,1
通常攻撃(ガンスラッシュ),3342919411,Melee,5
通常攻撃(ガンスラッシュ),3800743499,Melee,6
通常攻撃(ガンスラッシュ),4276570552,Ranged,8
通常攻撃(グラス),3395240567,Melee,1
通常攻撃(サリィ),639929291,Melee,1
通常攻撃(ザンディ),1192707064,Melee,1
通常攻撃(ザンディ),1454771500,Melee,1
通常攻撃(ザンディ),2748387183,Melee,1
通常攻撃(ザンディ),3028393901,Melee,1
通常攻撃(ザンディ),3292307674,Melee,1
通常攻撃(ザンディ),4165096601,Melee,1
通常攻撃(ザンディ),4279228173,Special,1
通常攻撃(シンクロウ),1147655708,Melee,1
通常攻撃(シンクロウ),1147655710,Melee,3
通常攻撃(シンクロウ),1147655711,Melee,2
通常攻撃(ジェットブーツ),1254493977,Special,6
通常攻撃(ジェットブーツ),1853582271,Special,9
通常攻撃(ジェットブーツ),2184540187,Melee,4
通常攻撃(ジェットブーツ),2778548652,Melee,2
通常攻撃(ジェットブーツ),2954183594,Special,8
通常攻撃(ジェットブーツ),3280158646,Special,7
通常攻撃(ジェットブーツ),3540874879,Melee,1
通常攻撃(ジェットブーツ),3614558463,Melee,3
通常攻撃(ジェットブーツ),580662444,Special,10
通常攻撃(ジェットブーツ),747815998,Special,5
通常攻撃(ジンガ),2981351487,Melee,3
通常攻撃(ジンガ),2981353400,Melee,1
通常攻撃(ジンガ),2981353465,Melee,2
通常攻撃(ソード),1215367338,Melee,3
通常攻撃(ソード),1215379240,Melee,1
通常攻撃(ソード),1215379433,Melee,2
通常攻撃(ソード),1331225146,Melee,2
通常攻撃(ソード),1331225211,Melee,3
通常攻撃(ソード),1331225593,Melee,1
通常攻撃(タクト),4065469038,Melee,1
通常攻撃(タリス),603769484,Ranged,3
通常攻撃(タリス),603769614,Ranged,1
通常攻撃(タリス),603769679,Ranged,2
通常攻撃(ダブルセイバー),1915920209,Melee,3
通常攻撃(ダブルセイバー),2169426261,Melee,2
通常攻撃(ダブルセイバー),2489626506,Melee,5
通常攻撃(ダブルセイバー),3086213424,Melee,6
通常攻撃(ダブルセイバー),3587443201,Melee,4
通常攻撃(ダブルセイバー),778603760,Melee,1
通常攻撃(ツインダガー),1163229184,Melee,0
通常攻撃(ツインダガー),1163229189,Melee,3
通常攻撃(ツインダガー),1163229190,Melee,2
通常攻撃(ツインダガー),1163229191,Melee,1
通常攻撃(ツインダガー),1893769682,Melee,0
通常攻撃(ツインダガー),1893769684,Melee,2
通常攻撃(ツインダガー),1893769685,Melee,1
通常攻撃(ツインダガー),1893769687,Melee,3
通常攻撃(ツインダガー),2378312320,Melee,2
通常攻撃(ツインダガー),2378312321,Melee,3
通常攻撃(ツインダガー),2378312327,Melee,1
通常攻撃(ツインダガー),3816723344,Melee,0
通常攻撃(ツインダガー),3816723346,Melee,2
通常攻撃(ツインダガー),3816723347,Melee,1
通常攻撃(ツインダガー),3816723349,Melee,3
通常攻撃(デュアルブレード),990294325,Melee,2
通常攻撃(デュアルブレード),990294387,Melee,3
通常攻撃(デュアルブレード),990294516,Melee,1
通常攻撃(デュアルブレード),996054556,Melee,4
通常攻撃(デュアルブレード),996054686,Melee,6
通常攻撃(デュアルブレード),996054749,Melee,5
通常攻撃(トリム),487482435,Melee,2
通常攻撃(トリム),487482498,Melee,1
通常攻撃(トリム),487489051,Melee,3
通常攻撃(ナックル),1325529929,Melee,1
通常攻撃(ナックル),1539605878,Melee,2
通常攻撃(ナックル),2085169672,Melee,6
通常攻撃(ナックル),2996195244,Melee,3
通常攻撃(ナックル),3392788140,Melee,5
通常攻撃(ナックル),3833651966,Melee,4
通常攻撃(バレットボウ),2272169032,Ranged,1
通常攻撃(バレットボウ),2272172706,Ranged,2
通常攻撃(バーラン),1151798185,Melee1
通常攻撃(バーラン),1605885859,Special,1
通常攻撃(バーラン),2025835831,Melee,1
通常攻撃(バーラン),2775227003,Melee,1
通常攻撃(バーラン),3363254293,Melee,1
通常攻撃(バーラン),3363254358,Melee,1
通常攻撃(バーラン),3363254423,Melee,1
通常攻撃(バーラン),3363255252,Special,1
通常攻撃(バーラン),3381272952,Special,1
通常攻撃(バーラン),3381273017,Special,1
通常攻撃(バーラン),3381273082,Special,1
通常攻撃(バーラン),3381273147,Special,1
通常攻撃(バーラン),3941083368,Melee,1
通常攻撃(バーラン),4149676443,Melee,1
通常攻撃(バーラン),788266949,Melee,1
通常攻撃(パルチザン),2226608029,Melee,2
通常攻撃(パルチザン),2285482403,Melee,1
通常攻撃(パルチザン),2984060434,Melee,5
通常攻撃(パルチザン),3208780153,Melee,3
通常攻撃(パルチザン),3685709820,Melee,6
通常攻撃(パルチザン),689132866,Melee,4
通常攻撃(フォメル),1771344883,Melee,1
通常攻撃(フォメル),1824561262,Melee,1
通常攻撃(フォメル),1917552622,Melee,1
通常攻撃(フォメル),1952842142,Melee,1
通常攻撃(フォメル),204848271,Melee,1
通常攻撃(フォメル),2314478622,Melee,1
通常攻撃(フォメル),4099792656,Special,1
通常攻撃(ポップル),578161427,Melee,1
通常攻撃(マロン),2944352598,Melee,2
通常攻撃(マロン),2944352663,Melee,3
通常攻撃(マロン),2944355330,Melee,1
通常攻撃(メロン),2920778756,Melee,2
通常攻撃(メロン),2920778949,Melee,3
通常攻撃(メロン),2920779330,Melee,1
通常攻撃(ラッピー),2042365716,Melee,1
通常攻撃(ランチャー),2731320054,Ranged,4
通常攻撃(ランチャー),594270780,Ranged,3
通常攻撃(ランチャー),594271098,Ranged,2
通常攻撃(ランチャー),594271163,Ranged,1
通常攻撃(レドラン),2131775436,Melee,1
通常攻撃(ロッド),1698835891,Melee,3
通常攻撃(ロッド),1698835954,Melee,2
通常攻撃(ロッド),1698836726,Melee,1
通常攻撃(ワイヤードランス),1667827810,Melee,1
通常攻撃(ワイヤードランス),1667827875,Melee,2
通常攻撃(ワイヤードランス),1667828192,Melee,3
通常攻撃(ワンダ),2785585589,Melee,1
通常攻撃(ワンダ),2785585652,Melee,2
通常攻撃(ワンダ),2785585714,Melee,3
通常攻撃(ヴィオラ),1596393984,Melee,3
通常攻撃(ヴィオラ),1596394307,Melee,2
通常攻撃(ヴィオラ),1596394370,Melee,1
通常攻撃(属性なし),1101154530,Melee,Lu
通常攻撃(属性なし),1124900582,Melee,Lu
通常攻撃(属性なし),1244140660,Melee,Lu
通常攻撃(属性なし),1298735458,Melee,Lu
通常攻撃(属性なし),246459449,Melee,Lu
通常攻撃(属性なし),982712511,Melee,Lu
通常攻撃(素手),1306546230,Melee,4
通常攻撃(素手),1578628668,Melee,2
通常攻撃(素手),2213730805,Melee,6
通常攻撃(素手),3481186334,Melee,1
通常攻撃(素手),439463649,Melee,5
通常攻撃(素手),888355388,Melee,3
通常攻撃(零式),1351584013,Melee,1
通常攻撃(零式),1353244642,Melee,2
通常攻撃(零式),1354018567,Melee,3
通常攻撃(零式),2001359545,Melee,1
通常攻撃(零式),2002747972,Melee,2
通常攻撃(零式),2084739075,Melee,3
通常追撃(ザンディ),1796346705,Special,Lu 
通常追撃(ザンディ),2300109425,Special,Lu 
通常追撃(ザンディ),2720894468,Special,Lu 
通常追撃(ザンディ),4092014190,Special,Lu 
通常追撃(バーラン),2629368763,Special,Lu 
通常追撃(バーラン),3800063707,Special,Lu 
通常追撃(バーラン),4082235190,Special,Lu 
通常追撃(バーラン),708905998,Special,Lu 
通常追撃(フォメル),129686491,Special,Lu 
通常追撃(フォメル),2212607950,Special,Lu 
通常追撃(フォメル),292530462,Special,Lu
通常追撃(フォメル),2925304621,Special,Lu 
通常追撃(フォメル),958081478,Special,Lu 
通常追撃(属性なし),2407096757,Special,Lu 
通常追撃(属性なし),3761879532,Special,Lu 
通常追撃(属性なし),388116085,Special,Lu 
通常追撃(属性なし),697019330,Special,Lu 
避跳飛刃,2311811561,Special,1
金龍大噴火,4005133178,Special,1
金龍大噴火,4070982583,Special,1 Lu
長銃の光渦,3420584169,Special,1
閃影の弾撃,2255706962,Special,2
閃影の斬撃,832000006,Special,1
閃影の斬撃,895846384,Special,3
閃影の鎚撃,2547423209,Special,1
闇の一瞥,2270328498,Special,1
零式ギ・グランツ,3628407015,Tech,1
零式ギ・グランツ,3801422187,Tech,2
零式サ・フォイエ,1314363598,Tech,1
零式サ・フォイエ,166001586,Tech,3
零式サ・フォイエ,2566461378,Tech,2
零式サ・フォイエ,2588035419,Tech,4
零式ゾンデ,3325804278,Tech,2
零式ゾンデ,3480669127,Tech,3
零式ゾンデ,553845451,Tech,1
零式ナ・ザン,1437435851,Tech,6
零式ナ・ザン,1490526560,Tech,2
零式ナ・ザン,2994867107,Tech,5
零式ナ・ザン,3510056594,Tech,4
零式ナ・ザン,3917512316,Tech,1
零式ナ・バータ,2952624225,Tech,1
零式ラ・メギド,1488338153,Tech,1
零式ラ・メギド,3108138604,Tech,2
飛斬翔刃,1195472288,Special,5
飛斬翔刃,1195472353,Special,4
飛斬翔刃,1195474500,Special,6
飛斬翔刃,2029349838,Special,9
飛斬翔刃,2738251077,Special,7
飛斬翔刃,2924000350,Special,8
飛斬翔刃,3065778236,Special,3
飛斬翔刃,3065779131,Special,2
飛斬翔刃,3065779197,Special,1
黄金の聖紋,2248412976,Special,1
